phase,requests,endpoint,iteration,latency_ms,status_code,ok,error,token_size_chars,token_size_bytes
warmup,20,login,1,79.087,200,True,,519,519
warmup,20,verify,1,8.274,200,True,,519,519
warmup,20,protected_me,1,15.965,200,True,,519,519
warmup,20,login,2,77.162,200,True,,519,519
warmup,20,verify,2,20.155,200,True,,519,519
warmup,20,protected_me,2,15.599,200,True,,519,519
warmup,20,login,3,72.871,200,True,,519,519
warmup,20,verify,3,25.619,200,True,,519,519
warmup,20,protected_me,3,17.221,200,True,,519,519
warmup,20,login,4,72.398,200,True,,519,519
warmup,20,verify,4,29.32,200,True,,519,519
warmup,20,protected_me,4,6.047,200,True,,519,519
warmup,20,login,5,84.879,200,True,,519,519
warmup,20,verify,5,20.817,200,True,,519,519
warmup,20,protected_me,5,6.872,200,True,,519,519
warmup,20,login,6,63.869,200,True,,519,519
warmup,20,verify,6,15.37,200,True,,519,519
warmup,20,protected_me,6,14.413,200,True,,519,519
warmup,20,login,7,67.767,200,True,,519,519
warmup,20,verify,7,14.926,200,True,,519,519
warmup,20,protected_me,7,5.838,200,True,,519,519
warmup,20,login,8,81.302,200,True,,519,519
warmup,20,verify,8,26.668,200,True,,519,519
warmup,20,protected_me,8,21.371,200,True,,519,519
warmup,20,login,9,71.079,200,True,,519,519
warmup,20,verify,9,11.182,200,True,,519,519
warmup,20,protected_me,9,16.586,200,True,,519,519
warmup,20,login,10,65.034,200,True,,519,519
warmup,20,verify,10,15.232,200,True,,519,519
warmup,20,protected_me,10,18.487,200,True,,519,519
warmup,20,login,11,67.191,200,True,,519,519
warmup,20,verify,11,14.525,200,True,,519,519
warmup,20,protected_me,11,17.368,200,True,,519,519
warmup,20,login,12,69.645,200,True,,519,519
warmup,20,verify,12,26.934,200,True,,519,519
warmup,20,protected_me,12,6.282,200,True,,519,519
warmup,20,login,13,86.943,200,True,,519,519
warmup,20,verify,13,7.512,200,True,,519,519
warmup,20,protected_me,13,7.17,200,True,,519,519
warmup,20,login,14,62.149,200,True,,519,519
warmup,20,verify,14,14.018,200,True,,519,519
warmup,20,protected_me,14,16.142,200,True,,519,519
warmup,20,login,15,70.335,200,True,,519,519
warmup,20,verify,15,15.721,200,True,,519,519
warmup,20,protected_me,15,30.468,200,True,,519,519
warmup,20,login,16,69.479,200,True,,519,519
warmup,20,verify,16,27.112,200,True,,519,519
warmup,20,protected_me,16,20.122,200,True,,519,519
warmup,20,login,17,69.37,200,True,,519,519
warmup,20,verify,17,12.831,200,True,,519,519
warmup,20,protected_me,17,14.933,200,True,,519,519
warmup,20,login,18,57.784,200,True,,519,519
warmup,20,verify,18,25.934,200,True,,519,519
warmup,20,protected_me,18,17.415,200,True,,519,519
warmup,20,login,19,68.203,200,True,,519,519
warmup,20,verify,19,15.428,200,True,,519,519
warmup,20,protected_me,19,26.528,200,True,,519,519
warmup,20,login,20,64.825,200,True,,519,519
warmup,20,verify,20,13.863,200,True,,519,519
warmup,20,protected_me,20,25.693,200,True,,519,519
run_100,100,login,1,68.061,200,True,,519,519
run_100,100,verify,1,5.22,200,True,,519,519
run_100,100,protected_me,1,25.564,200,True,,519,519
run_100,100,login,2,63.733,200,True,,519,519
run_100,100,verify,2,6.411,200,True,,519,519
run_100,100,protected_me,2,14.582,200,True,,519,519
run_100,100,login,3,72.302,200,True,,519,519
run_100,100,verify,3,23.445,200,True,,519,519
run_100,100,protected_me,3,17.484,200,True,,519,519
run_100,100,login,4,61.765,200,True,,519,519
run_100,100,verify,4,16.536,200,True,,519,519
run_100,100,protected_me,4,16.572,200,True,,519,519
run_100,100,login,5,72.391,200,True,,519,519
run_100,100,verify,5,6.947,200,True,,519,519
run_100,100,protected_me,5,6.801,200,True,,519,519
run_100,100,login,6,72.471,200,True,,519,519
run_100,100,verify,6,24.084,200,True,,519,519
run_100,100,protected_me,6,8.601,200,True,,519,519
run_100,100,login,7,75.927,200,True,,519,519
run_100,100,verify,7,6.301,200,True,,519,519
run_100,100,protected_me,7,12.447,200,True,,519,519
run_100,100,login,8,69.001,200,True,,519,519
run_100,100,verify,8,29.154,200,True,,519,519
run_100,100,protected_me,8,21.509,200,True,,519,519
run_100,100,login,9,59.865,200,True,,519,519
run_100,100,verify,9,18.957,200,True,,519,519
run_100,100,protected_me,9,6.003,200,True,,519,519
run_100,100,login,10,79.592,200,True,,519,519
run_100,100,verify,10,14.432,200,True,,519,519
run_100,100,protected_me,10,15.235,200,True,,519,519
run_100,100,login,11,67.979,200,True,,519,519
run_100,100,verify,11,17.382,200,True,,519,519
run_100,100,protected_me,11,15.78,200,True,,519,519
run_100,100,login,12,69.376,200,True,,519,519
run_100,100,verify,12,28.938,200,True,,519,519
run_100,100,protected_me,12,18.871,200,True,,519,519
run_100,100,login,13,70.071,200,True,,519,519
run_100,100,verify,13,25.238,200,True,,519,519
run_100,100,protected_me,13,15.729,200,True,,519,519
run_100,100,login,14,74.743,200,True,,519,519
run_100,100,verify,14,18.941,200,True,,519,519
run_100,100,protected_me,14,15.489,200,True,,519,519
run_100,100,login,15,81.296,200,True,,519,519
run_100,100,verify,15,17.939,200,True,,519,519
run_100,100,protected_me,15,12.422,200,True,,519,519
run_100,100,login,16,67.328,200,True,,519,519
run_100,100,verify,16,15.919,200,True,,519,519
run_100,100,protected_me,16,13.471,200,True,,519,519
run_100,100,login,17,68.152,200,True,,519,519
run_100,100,verify,17,14.985,200,True,,519,519
run_100,100,protected_me,17,16.279,200,True,,519,519
run_100,100,login,18,58.512,200,True,,519,519
run_100,100,verify,18,16.108,200,True,,519,519
run_100,100,protected_me,18,5.87,200,True,,519,519
run_100,100,login,19,61.097,200,True,,519,519
run_100,100,verify,19,14.163,200,True,,519,519
run_100,100,protected_me,19,28.17,200,True,,519,519
run_100,100,login,20,83.957,200,True,,519,519
run_100,100,verify,20,27.528,200,True,,519,519
run_100,100,protected_me,20,6.296,200,True,,519,519
run_100,100,login,21,71.154,200,True,,519,519
run_100,100,verify,21,25.018,200,True,,519,519
run_100,100,protected_me,21,16.351,200,True,,519,519
run_100,100,login,22,70.82,200,True,,519,519
run_100,100,verify,22,14.488,200,True,,519,519
run_100,100,protected_me,22,15.188,200,True,,519,519
run_100,100,login,23,70.494,200,True,,519,519
run_100,100,verify,23,11.492,200,True,,519,519
run_100,100,protected_me,23,15.278,200,True,,519,519
run_100,100,login,24,65.622,200,True,,519,519
run_100,100,verify,24,15.571,200,True,,519,519
run_100,100,protected_me,24,15.855,200,True,,519,519
run_100,100,login,25,80.249,200,True,,519,519
run_100,100,verify,25,6.156,200,True,,519,519
run_100,100,protected_me,25,26.182,200,True,,519,519
run_100,100,login,26,59.207,200,True,,519,519
run_100,100,verify,26,29.433,200,True,,519,519
run_100,100,protected_me,26,15.467,200,True,,519,519
run_100,100,login,27,69.888,200,True,,519,519
run_100,100,verify,27,4.88,200,True,,519,519
run_100,100,protected_me,27,11.845,200,True,,519,519
run_100,100,login,28,68.405,200,True,,519,519
run_100,100,verify,28,29.433,200,True,,519,519
run_100,100,protected_me,28,17.649,200,True,,519,519
run_100,100,login,29,69.18,200,True,,519,519
run_100,100,verify,29,29.154,200,True,,519,519
run_100,100,protected_me,29,16.454,200,True,,519,519
run_100,100,login,30,72.711,200,True,,519,519
run_100,100,verify,30,27.057,200,True,,519,519
run_100,100,protected_me,30,15.659,200,True,,519,519
run_100,100,login,31,67.526,200,True,,519,519
run_100,100,verify,31,29.475,200,True,,519,519
run_100,100,protected_me,31,7.455,200,True,,519,519
run_100,100,login,32,83.995,200,True,,519,519
run_100,100,verify,32,27.941,200,True,,519,519
run_100,100,protected_me,32,17.265,200,True,,519,519
run_100,100,login,33,66.481,200,True,,519,519
run_100,100,verify,33,14.249,200,True,,519,519
run_100,100,protected_me,33,15.046,200,True,,519,519
run_100,100,login,34,69.692,200,True,,519,519
run_100,100,verify,34,14.481,200,True,,519,519
run_100,100,protected_me,34,15.096,200,True,,519,519
run_100,100,login,35,72.947,200,True,,519,519
run_100,100,verify,35,14.25,200,True,,519,519
run_100,100,protected_me,35,5.638,200,True,,519,519
run_100,100,login,36,57.198,200,True,,519,519
run_100,100,verify,36,17.528,200,True,,519,519
run_100,100,protected_me,36,17.668,200,True,,519,519
run_100,100,login,37,69.326,200,True,,519,519
run_100,100,verify,37,13.333,200,True,,519,519
run_100,100,protected_me,37,16.445,200,True,,519,519
run_100,100,login,38,66.862,200,True,,519,519
run_100,100,verify,38,6.349,200,True,,519,519
run_100,100,protected_me,38,27.381,200,True,,519,519
run_100,100,login,39,69.183,200,True,,519,519
run_100,100,verify,39,14.746,200,True,,519,519
run_100,100,protected_me,39,14.886,200,True,,519,519
run_100,100,login,40,68.779,200,True,,519,519
run_100,100,verify,40,27.712,200,True,,519,519
run_100,100,protected_me,40,6.615,200,True,,519,519
run_100,100,login,41,70.954,200,True,,519,519
run_100,100,verify,41,24.086,200,True,,519,519
run_100,100,protected_me,41,16.674,200,True,,519,519
run_100,100,login,42,68.43,200,True,,519,519
run_100,100,verify,42,30.143,200,True,,519,519
run_100,100,protected_me,42,15.677,200,True,,519,519
run_100,100,login,43,72.187,200,True,,519,519
run_100,100,verify,43,27.014,200,True,,519,519
run_100,100,protected_me,43,6.304,200,True,,519,519
run_100,100,login,44,62.421,200,True,,519,519
run_100,100,verify,44,18.471,200,True,,519,519
run_100,100,protected_me,44,14.566,200,True,,519,519
run_100,100,login,45,81.716,200,True,,519,519
run_100,100,verify,45,5.819,200,True,,519,519
run_100,100,protected_me,45,4.668,200,True,,519,519
run_100,100,login,46,58.706,200,True,,519,519
run_100,100,verify,46,13.933,200,True,,519,519
run_100,100,protected_me,46,15.371,200,True,,519,519
run_100,100,login,47,67.61,200,True,,519,519
run_100,100,verify,47,16.704,200,True,,519,519
run_100,100,protected_me,47,16.107,200,True,,519,519
run_100,100,login,48,60.339,200,True,,519,519
run_100,100,verify,48,22.474,200,True,,519,519
run_100,100,protected_me,48,17.973,200,True,,519,519
run_100,100,login,49,95.875,200,True,,519,519
run_100,100,verify,49,17.734,200,True,,519,519
run_100,100,protected_me,49,14.824,200,True,,519,519
run_100,100,login,50,70.864,200,True,,519,519
run_100,100,verify,50,15.02,200,True,,519,519
run_100,100,protected_me,50,15.074,200,True,,519,519
run_100,100,login,51,62.386,200,True,,519,519
run_100,100,verify,51,22.405,200,True,,519,519
run_100,100,protected_me,51,17.481,200,True,,519,519
run_100,100,login,52,67.331,200,True,,519,519
run_100,100,verify,52,15.219,200,True,,519,519
run_100,100,protected_me,52,14.765,200,True,,519,519
run_100,100,login,53,96.235,200,True,,519,519
run_100,100,verify,53,9.662,200,True,,519,519
run_100,100,protected_me,53,5.932,200,True,,519,519
run_100,100,login,54,96.833,200,True,,519,519
run_100,100,verify,54,8.143,200,True,,519,519
run_100,100,protected_me,54,9.802,200,True,,519,519
run_100,100,login,55,84.221,200,True,,519,519
run_100,100,verify,55,6.335,200,True,,519,519
run_100,100,protected_me,55,8.282,200,True,,519,519
run_100,100,login,56,102.668,200,True,,519,519
run_100,100,verify,56,5.932,200,True,,519,519
run_100,100,protected_me,56,29.327,200,True,,519,519
run_100,100,login,57,73.963,200,True,,519,519
run_100,100,verify,57,28.568,200,True,,519,519
run_100,100,protected_me,57,16.205,200,True,,519,519
run_100,100,login,58,70.505,200,True,,519,519
run_100,100,verify,58,28.145,200,True,,519,519
run_100,100,protected_me,58,4.899,200,True,,519,519
run_100,100,login,59,85.147,200,True,,519,519
run_100,100,verify,59,25.164,200,True,,519,519
run_100,100,protected_me,59,18.364,200,True,,519,519
run_100,100,login,60,81.897,200,True,,519,519
run_100,100,verify,60,17.613,200,True,,519,519
run_100,100,protected_me,60,16.012,200,True,,519,519
run_100,100,login,61,68.81,200,True,,519,519
run_100,100,verify,61,13.902,200,True,,519,519
run_100,100,protected_me,61,15.783,200,True,,519,519
run_100,100,login,62,72.571,200,True,,519,519
run_100,100,verify,62,25.44,200,True,,519,519
run_100,100,protected_me,62,7.627,200,True,,519,519
run_100,100,login,63,67.098,200,True,,519,519
run_100,100,verify,63,26.385,200,True,,519,519
run_100,100,protected_me,63,15.505,200,True,,519,519
run_100,100,login,64,84.563,200,True,,519,519
run_100,100,verify,64,17.173,200,True,,519,519
run_100,100,protected_me,64,15.017,200,True,,519,519
run_100,100,login,65,69.112,200,True,,519,519
run_100,100,verify,65,27.256,200,True,,519,519
run_100,100,protected_me,65,6.57,200,True,,519,519
run_100,100,login,66,68.449,200,True,,519,519
run_100,100,verify,66,5.92,200,True,,519,519
run_100,100,protected_me,66,6.11,200,True,,519,519
run_100,100,login,67,73.719,200,True,,519,519
run_100,100,verify,67,23.737,200,True,,519,519
run_100,100,protected_me,67,15.678,200,True,,519,519
run_100,100,login,68,77.221,200,True,,519,519
run_100,100,verify,68,24.06,200,True,,519,519
run_100,100,protected_me,68,17.059,200,True,,519,519
run_100,100,login,69,76.572,200,True,,519,519
run_100,100,verify,69,19.382,200,True,,519,519
run_100,100,protected_me,69,7.393,200,True,,519,519
run_100,100,login,70,75.47,200,True,,519,519
run_100,100,verify,70,6.975,200,True,,519,519
run_100,100,protected_me,70,15.552,200,True,,519,519
run_100,100,login,71,71.173,200,True,,519,519
run_100,100,verify,71,11.296,200,True,,519,519
run_100,100,protected_me,71,15.001,200,True,,519,519
run_100,100,login,72,69.423,200,True,,519,519
run_100,100,verify,72,29.437,200,True,,519,519
run_100,100,protected_me,72,15.602,200,True,,519,519
run_100,100,login,73,103.739,200,True,,519,519
run_100,100,verify,73,12.599,200,True,,519,519
run_100,100,protected_me,73,17.374,200,True,,519,519
run_100,100,login,74,72.286,200,True,,519,519
run_100,100,verify,74,25.544,200,True,,519,519
run_100,100,protected_me,74,18.742,200,True,,519,519
run_100,100,login,75,73.323,200,True,,519,519
run_100,100,verify,75,22.162,200,True,,519,519
run_100,100,protected_me,75,17.534,200,True,,519,519
run_100,100,login,76,60.505,200,True,,519,519
run_100,100,verify,76,23.019,200,True,,519,519
run_100,100,protected_me,76,16.792,200,True,,519,519
run_100,100,login,77,89.075,200,True,,519,519
run_100,100,verify,77,26.531,200,True,,519,519
run_100,100,protected_me,77,15.681,200,True,,519,519
run_100,100,login,78,62.119,200,True,,519,519
run_100,100,verify,78,6.014,200,True,,519,519
run_100,100,protected_me,78,30.941,200,True,,519,519
run_100,100,login,79,71.225,200,True,,519,519
run_100,100,verify,79,13.322,200,True,,519,519
run_100,100,protected_me,79,15.719,200,True,,519,519
run_100,100,login,80,60.736,200,True,,519,519
run_100,100,verify,80,20.329,200,True,,519,519
run_100,100,protected_me,80,15.925,200,True,,519,519
run_100,100,login,81,60.994,200,True,,519,519
run_100,100,verify,81,5.496,200,True,,519,519
run_100,100,protected_me,81,6.506,200,True,,519,519
run_100,100,login,82,82.12,200,True,,519,519
run_100,100,verify,82,27.8,200,True,,519,519
run_100,100,protected_me,82,17.287,200,True,,519,519
run_100,100,login,83,61.668,200,True,,519,519
run_100,100,verify,83,22.766,200,True,,519,519
run_100,100,protected_me,83,7.619,200,True,,519,519
run_100,100,login,84,93.565,200,True,,519,519
run_100,100,verify,84,6.51,200,True,,519,519
run_100,100,protected_me,84,6.758,200,True,,519,519
run_100,100,login,85,72.258,200,True,,519,519
run_100,100,verify,85,24.929,200,True,,519,519
run_100,100,protected_me,85,6.338,200,True,,519,519
run_100,100,login,86,62.932,200,True,,519,519
run_100,100,verify,86,14.712,200,True,,519,519
run_100,100,protected_me,86,18.921,200,True,,519,519
run_100,100,login,87,68.428,200,True,,519,519
run_100,100,verify,87,12.792,200,True,,519,519
run_100,100,protected_me,87,15.85,200,True,,519,519
run_100,100,login,88,61.829,200,True,,519,519
run_100,100,verify,88,22.016,200,True,,519,519
run_100,100,protected_me,88,17.442,200,True,,519,519
run_100,100,login,89,57.576,200,True,,519,519
run_100,100,verify,89,25.925,200,True,,519,519
run_100,100,protected_me,89,6.041,200,True,,519,519
run_100,100,login,90,79.996,200,True,,519,519
run_100,100,verify,90,27.038,200,True,,519,519
run_100,100,protected_me,90,6.19,200,True,,519,519
run_100,100,login,91,63.522,200,True,,519,519
run_100,100,verify,91,31.009,200,True,,519,519
run_100,100,protected_me,91,18.822,200,True,,519,519
run_100,100,login,92,70.436,200,True,,519,519
run_100,100,verify,92,28.679,200,True,,519,519
run_100,100,protected_me,92,15.79,200,True,,519,519
run_100,100,login,93,69.338,200,True,,519,519
run_100,100,verify,93,28.831,200,True,,519,519
run_100,100,protected_me,93,15.647,200,True,,519,519
run_100,100,login,94,69.843,200,True,,519,519
run_100,100,verify,94,13.544,200,True,,519,519
run_100,100,protected_me,94,16.723,200,True,,519,519
run_100,100,login,95,58.439,200,True,,519,519
run_100,100,verify,95,24.264,200,True,,519,519
run_100,100,protected_me,95,7.066,200,True,,519,519
run_100,100,login,96,63.834,200,True,,519,519
run_100,100,verify,96,29.61,200,True,,519,519
run_100,100,protected_me,96,15.969,200,True,,519,519
run_100,100,login,97,69.549,200,True,,519,519
run_100,100,verify,97,5.258,200,True,,519,519
run_100,100,protected_me,97,24.899,200,True,,519,519
run_100,100,login,98,69.434,200,True,,519,519
run_100,100,verify,98,29.672,200,True,,519,519
run_100,100,protected_me,98,18.809,200,True,,519,519
run_100,100,login,99,67.936,200,True,,519,519
run_100,100,verify,99,27.281,200,True,,519,519
run_100,100,protected_me,99,5.54,200,True,,519,519
run_100,100,login,100,84.748,200,True,,519,519
run_100,100,verify,100,5.518,200,True,,519,519
run_100,100,protected_me,100,22.778,200,True,,519,519
run_500,500,login,1,70.067,200,True,,519,519
run_500,500,verify,1,25.872,200,True,,519,519
run_500,500,protected_me,1,16.083,200,True,,519,519
run_500,500,login,2,70.633,200,True,,519,519
run_500,500,verify,2,28.41,200,True,,519,519
run_500,500,protected_me,2,17.743,200,True,,519,519
run_500,500,login,3,74.114,200,True,,519,519
run_500,500,verify,3,6.801,200,True,,519,519
run_500,500,protected_me,3,16.02,200,True,,519,519
run_500,500,login,4,70.894,200,True,,519,519
run_500,500,verify,4,13.155,200,True,,519,519
run_500,500,protected_me,4,14.89,200,True,,519,519
run_500,500,login,5,68.164,200,True,,519,519
run_500,500,verify,5,15.711,200,True,,519,519
run_500,500,protected_me,5,8.745,200,True,,519,519
run_500,500,login,6,60.554,200,True,,519,519
run_500,500,verify,6,17.514,200,True,,519,519
run_500,500,protected_me,6,6.426,200,True,,519,519
run_500,500,login,7,62.39,200,True,,519,519
run_500,500,verify,7,11.145,200,True,,519,519
run_500,500,protected_me,7,17.635,200,True,,519,519
run_500,500,login,8,71.236,200,True,,519,519
run_500,500,verify,8,9.899,200,True,,519,519
run_500,500,protected_me,8,16.553,200,True,,519,519
run_500,500,login,9,70.557,200,True,,519,519
run_500,500,verify,9,28.892,200,True,,519,519
run_500,500,protected_me,9,16.94,200,True,,519,519
run_500,500,login,10,68.16,200,True,,519,519
run_500,500,verify,10,13.863,200,True,,519,519
run_500,500,protected_me,10,16.842,200,True,,519,519
run_500,500,login,11,68.705,200,True,,519,519
run_500,500,verify,11,18.805,200,True,,519,519
run_500,500,protected_me,11,13.245,200,True,,519,519
run_500,500,login,12,68.168,200,True,,519,519
run_500,500,verify,12,14.206,200,True,,519,519
run_500,500,protected_me,12,15.402,200,True,,519,519
run_500,500,login,13,62.453,200,True,,519,519
run_500,500,verify,13,5.557,200,True,,519,519
run_500,500,protected_me,13,14.899,200,True,,519,519
run_500,500,login,14,64.078,200,True,,519,519
run_500,500,verify,14,28.983,200,True,,519,519
run_500,500,protected_me,14,17.241,200,True,,519,519
run_500,500,login,15,81.735,200,True,,519,519
run_500,500,verify,15,19.129,200,True,,519,519
run_500,500,protected_me,15,15.503,200,True,,519,519
run_500,500,login,16,62.707,200,True,,519,519
run_500,500,verify,16,6.01,200,True,,519,519
run_500,500,protected_me,16,7.314,200,True,,519,519
run_500,500,login,17,90.612,200,True,,519,519
run_500,500,verify,17,7.66,200,True,,519,519
run_500,500,protected_me,17,5.139,200,True,,519,519
run_500,500,login,18,62.712,200,True,,519,519
run_500,500,verify,18,4.695,200,True,,519,519
run_500,500,protected_me,18,13.894,200,True,,519,519
run_500,500,login,19,68.64,200,True,,519,519
run_500,500,verify,19,8.437,200,True,,519,519
run_500,500,protected_me,19,16.647,200,True,,519,519
run_500,500,login,20,67.43,200,True,,519,519
run_500,500,verify,20,15.07,200,True,,519,519
run_500,500,protected_me,20,16.385,200,True,,519,519
run_500,500,login,21,60.917,200,True,,519,519
run_500,500,verify,21,19.552,200,True,,519,519
run_500,500,protected_me,21,7.157,200,True,,519,519
run_500,500,login,22,84.505,200,True,,519,519
run_500,500,verify,22,5.294,200,True,,519,519
run_500,500,protected_me,22,15.568,200,True,,519,519
run_500,500,login,23,85.455,200,True,,519,519
run_500,500,verify,23,19.145,200,True,,519,519
run_500,500,protected_me,23,15.118,200,True,,519,519
run_500,500,login,24,76.948,200,True,,519,519
run_500,500,verify,24,6.94,200,True,,519,519
run_500,500,protected_me,24,6.271,200,True,,519,519
run_500,500,login,25,87.252,200,True,,519,519
run_500,500,verify,25,23.099,200,True,,519,519
run_500,500,protected_me,25,32.037,200,True,,519,519
run_500,500,login,26,71.949,200,True,,519,519
run_500,500,verify,26,27.373,200,True,,519,519
run_500,500,protected_me,26,16.139,200,True,,519,519
run_500,500,login,27,62.862,200,True,,519,519
run_500,500,verify,27,19.924,200,True,,519,519
run_500,500,protected_me,27,7.498,200,True,,519,519
run_500,500,login,28,68.317,200,True,,519,519
run_500,500,verify,28,23.765,200,True,,519,519
run_500,500,protected_me,28,19.547,200,True,,519,519
run_500,500,login,29,72.735,200,True,,519,519
run_500,500,verify,29,4.951,200,True,,519,519
run_500,500,protected_me,29,6.173,200,True,,519,519
run_500,500,login,30,69.888,200,True,,519,519
run_500,500,verify,30,5.369,200,True,,519,519
run_500,500,protected_me,30,5.843,200,True,,519,519
run_500,500,login,31,65.222,200,True,,519,519
run_500,500,verify,31,16.28,200,True,,519,519
run_500,500,protected_me,31,17.07,200,True,,519,519
run_500,500,login,32,73.742,200,True,,519,519
run_500,500,verify,32,23.287,200,True,,519,519
run_500,500,protected_me,32,15.304,200,True,,519,519
run_500,500,login,33,59.927,200,True,,519,519
run_500,500,verify,33,26.891,200,True,,519,519
run_500,500,protected_me,33,18.149,200,True,,519,519
run_500,500,login,34,86.388,200,True,,519,519
run_500,500,verify,34,25.659,200,True,,519,519
run_500,500,protected_me,34,18.845,200,True,,519,519
run_500,500,login,35,69.285,200,True,,519,519
run_500,500,verify,35,5.576,200,True,,519,519
run_500,500,protected_me,35,25.255,200,True,,519,519
run_500,500,login,36,71.07,200,True,,519,519
run_500,500,verify,36,5.448,200,True,,519,519
run_500,500,protected_me,36,23.03,200,True,,519,519
run_500,500,login,37,74.523,200,True,,519,519
run_500,500,verify,37,24.509,200,True,,519,519
run_500,500,protected_me,37,20.522,200,True,,519,519
run_500,500,login,38,107.586,200,True,,519,519
run_500,500,verify,38,18.658,200,True,,519,519
run_500,500,protected_me,38,7.904,200,True,,519,519
run_500,500,login,39,132.778,200,True,,519,519
run_500,500,verify,39,6.266,200,True,,519,519
run_500,500,protected_me,39,7.305,200,True,,519,519
run_500,500,login,40,142.518,200,True,,519,519
run_500,500,verify,40,9.43,200,True,,519,519
run_500,500,protected_me,40,9.363,200,True,,519,519
run_500,500,login,41,141.127,200,True,,519,519
run_500,500,verify,41,10.56,200,True,,519,519
run_500,500,protected_me,41,9.458,200,True,,519,519
run_500,500,login,42,167.268,200,True,,519,519
run_500,500,verify,42,7.766,200,True,,519,519
run_500,500,protected_me,42,6.442,200,True,,519,519
run_500,500,login,43,78.844,200,True,,519,519
run_500,500,verify,43,4.838,200,True,,519,519
run_500,500,protected_me,43,23.498,200,True,,519,519
run_500,500,login,44,117.383,200,True,,519,519
run_500,500,verify,44,17.108,200,True,,519,519
run_500,500,protected_me,44,14.269,200,True,,519,519
run_500,500,login,45,70.085,200,True,,519,519
run_500,500,verify,45,13.14,200,True,,519,519
run_500,500,protected_me,45,15.028,200,True,,519,519
run_500,500,login,46,67.394,200,True,,519,519
run_500,500,verify,46,15.648,200,True,,519,519
run_500,500,protected_me,46,5.406,200,True,,519,519
run_500,500,login,47,83.631,200,True,,519,519
run_500,500,verify,47,25.475,200,True,,519,519
run_500,500,protected_me,47,19.063,200,True,,519,519
run_500,500,login,48,71.475,200,True,,519,519
run_500,500,verify,48,28.294,200,True,,519,519
run_500,500,protected_me,48,14.368,200,True,,519,519
run_500,500,login,49,72.035,200,True,,519,519
run_500,500,verify,49,28.116,200,True,,519,519
run_500,500,protected_me,49,16.14,200,True,,519,519
run_500,500,login,50,71.402,200,True,,519,519
run_500,500,verify,50,28.021,200,True,,519,519
run_500,500,protected_me,50,17.081,200,True,,519,519
run_500,500,login,51,63.994,200,True,,519,519
run_500,500,verify,51,8.327,200,True,,519,519
run_500,500,protected_me,51,26.928,200,True,,519,519
run_500,500,login,52,72.101,200,True,,519,519
run_500,500,verify,52,26.595,200,True,,519,519
run_500,500,protected_me,52,6.877,200,True,,519,519
run_500,500,login,53,60.192,200,True,,519,519
run_500,500,verify,53,5.89,200,True,,519,519
run_500,500,protected_me,53,27.019,200,True,,519,519
run_500,500,login,54,73.533,200,True,,519,519
run_500,500,verify,54,8.391,200,True,,519,519
run_500,500,protected_me,54,15.657,200,True,,519,519
run_500,500,login,55,72.638,200,True,,519,519
run_500,500,verify,55,28.64,200,True,,519,519
run_500,500,protected_me,55,16.044,200,True,,519,519
run_500,500,login,56,68.043,200,True,,519,519
run_500,500,verify,56,29.535,200,True,,519,519
run_500,500,protected_me,56,6.57,200,True,,519,519
run_500,500,login,57,65.99,200,True,,519,519
run_500,500,verify,57,25.786,200,True,,519,519
run_500,500,protected_me,57,20.224,200,True,,519,519
run_500,500,login,58,69.546,200,True,,519,519
run_500,500,verify,58,26.447,200,True,,519,519
run_500,500,protected_me,58,18.659,200,True,,519,519
run_500,500,login,59,71.444,200,True,,519,519
run_500,500,verify,59,27.478,200,True,,519,519
run_500,500,protected_me,59,17.701,200,True,,519,519
run_500,500,login,60,70.637,200,True,,519,519
run_500,500,verify,60,9.953,200,True,,519,519
run_500,500,protected_me,60,9.531,200,True,,519,519
run_500,500,login,61,70.89,200,True,,519,519
run_500,500,verify,61,7.201,200,True,,519,519
run_500,500,protected_me,61,6.441,200,True,,519,519
run_500,500,login,62,86.853,200,True,,519,519
run_500,500,verify,62,7.473,200,True,,519,519
run_500,500,protected_me,62,26.433,200,True,,519,519
run_500,500,login,63,86.007,200,True,,519,519
run_500,500,verify,63,13.6,200,True,,519,519
run_500,500,protected_me,63,6.804,200,True,,519,519
run_500,500,login,64,63.276,200,True,,519,519
run_500,500,verify,64,30.1,200,True,,519,519
run_500,500,protected_me,64,15.588,200,True,,519,519
run_500,500,login,65,59.408,200,True,,519,519
run_500,500,verify,65,25.23,200,True,,519,519
run_500,500,protected_me,65,17.381,200,True,,519,519
run_500,500,login,66,69.446,200,True,,519,519
run_500,500,verify,66,5.34,200,True,,519,519
run_500,500,protected_me,66,26.879,200,True,,519,519
run_500,500,login,67,83.604,200,True,,519,519
run_500,500,verify,67,27.592,200,True,,519,519
run_500,500,protected_me,67,19.414,200,True,,519,519
run_500,500,login,68,61.592,200,True,,519,519
run_500,500,verify,68,17.803,200,True,,519,519
run_500,500,protected_me,68,5.417,200,True,,519,519
run_500,500,login,69,81.571,200,True,,519,519
run_500,500,verify,69,14.923,200,True,,519,519
run_500,500,protected_me,69,6.878,200,True,,519,519
run_500,500,login,70,61.798,200,True,,519,519
run_500,500,verify,70,14.441,200,True,,519,519
run_500,500,protected_me,70,15.924,200,True,,519,519
run_500,500,login,71,68.035,200,True,,519,519
run_500,500,verify,71,13.241,200,True,,519,519
run_500,500,protected_me,71,16.08,200,True,,519,519
run_500,500,login,72,58.356,200,True,,519,519
run_500,500,verify,72,10.591,200,True,,519,519
run_500,500,protected_me,72,16.554,200,True,,519,519
run_500,500,login,73,70.263,200,True,,519,519
run_500,500,verify,73,14.65,200,True,,519,519
run_500,500,protected_me,73,15.262,200,True,,519,519
run_500,500,login,74,68.326,200,True,,519,519
run_500,500,verify,74,30.537,200,True,,519,519
run_500,500,protected_me,74,15.245,200,True,,519,519
run_500,500,login,75,67.71,200,True,,519,519
run_500,500,verify,75,14.448,200,True,,519,519
run_500,500,protected_me,75,7.395,200,True,,519,519
run_500,500,login,76,59.198,200,True,,519,519
run_500,500,verify,76,17.604,200,True,,519,519
run_500,500,protected_me,76,7.559,200,True,,519,519
run_500,500,login,77,62.253,200,True,,519,519
run_500,500,verify,77,30.285,200,True,,519,519
run_500,500,protected_me,77,16.642,200,True,,519,519
run_500,500,login,78,68.889,200,True,,519,519
run_500,500,verify,78,5.313,200,True,,519,519
run_500,500,protected_me,78,25.274,200,True,,519,519
run_500,500,login,79,69.665,200,True,,519,519
run_500,500,verify,79,11.505,200,True,,519,519
run_500,500,protected_me,79,5.316,200,True,,519,519
run_500,500,login,80,82.461,200,True,,519,519
run_500,500,verify,80,29.199,200,True,,519,519
run_500,500,protected_me,80,15.639,200,True,,519,519
run_500,500,login,81,67.976,200,True,,519,519
run_500,500,verify,81,16.857,200,True,,519,519
run_500,500,protected_me,81,15.658,200,True,,519,519
run_500,500,login,82,71.395,200,True,,519,519
run_500,500,verify,82,7.188,200,True,,519,519
run_500,500,protected_me,82,22.116,200,True,,519,519
run_500,500,login,83,69.932,200,True,,519,519
run_500,500,verify,83,11.068,200,True,,519,519
run_500,500,protected_me,83,15.596,200,True,,519,519
run_500,500,login,84,68.389,200,True,,519,519
run_500,500,verify,84,16.084,200,True,,519,519
run_500,500,protected_me,84,14.644,200,True,,519,519
run_500,500,login,85,68.093,200,True,,519,519
run_500,500,verify,85,15.552,200,True,,519,519
run_500,500,protected_me,85,6.337,200,True,,519,519
run_500,500,login,86,80.307,200,True,,519,519
run_500,500,verify,86,26.665,200,True,,519,519
run_500,500,protected_me,86,20.433,200,True,,519,519
run_500,500,login,87,69.153,200,True,,519,519
run_500,500,verify,87,12.09,200,True,,519,519
run_500,500,protected_me,87,15.8,200,True,,519,519
run_500,500,login,88,67.68,200,True,,519,519
run_500,500,verify,88,5.934,200,True,,519,519
run_500,500,protected_me,88,26.949,200,True,,519,519
run_500,500,login,89,71.371,200,True,,519,519
run_500,500,verify,89,15.483,200,True,,519,519
run_500,500,protected_me,89,29.196,200,True,,519,519
run_500,500,login,90,70.42,200,True,,519,519
run_500,500,verify,90,29.417,200,True,,519,519
run_500,500,protected_me,90,16.96,200,True,,519,519
run_500,500,login,91,67.581,200,True,,519,519
run_500,500,verify,91,13.778,200,True,,519,519
run_500,500,protected_me,91,17.614,200,True,,519,519
run_500,500,login,92,73.392,200,True,,519,519
run_500,500,verify,92,26.892,200,True,,519,519
run_500,500,protected_me,92,15.783,200,True,,519,519
run_500,500,login,93,70.692,200,True,,519,519
run_500,500,verify,93,5.19,200,True,,519,519
run_500,500,protected_me,93,22.806,200,True,,519,519
run_500,500,login,94,68.603,200,True,,519,519
run_500,500,verify,94,30.749,200,True,,519,519
run_500,500,protected_me,94,17.721,200,True,,519,519
run_500,500,login,95,68.775,200,True,,519,519
run_500,500,verify,95,17.235,200,True,,519,519
run_500,500,protected_me,95,13.579,200,True,,519,519
run_500,500,login,96,69.265,200,True,,519,519
run_500,500,verify,96,12.591,200,True,,519,519
run_500,500,protected_me,96,17.329,200,True,,519,519
run_500,500,login,97,67.232,200,True,,519,519
run_500,500,verify,97,5.634,200,True,,519,519
run_500,500,protected_me,97,24.079,200,True,,519,519
run_500,500,login,98,61.117,200,True,,519,519
run_500,500,verify,98,21.223,200,True,,519,519
run_500,500,protected_me,98,19.192,200,True,,519,519
run_500,500,login,99,69.156,200,True,,519,519
run_500,500,verify,99,13.325,200,True,,519,519
run_500,500,protected_me,99,16.12,200,True,,519,519
run_500,500,login,100,70.764,200,True,,519,519
run_500,500,verify,100,19.384,200,True,,519,519
run_500,500,protected_me,100,10.188,200,True,,519,519
run_500,500,login,101,56.505,200,True,,519,519
run_500,500,verify,101,6.26,200,True,,519,519
run_500,500,protected_me,101,18.73,200,True,,519,519
run_500,500,login,102,71.094,200,True,,519,519
run_500,500,verify,102,10.1,200,True,,519,519
run_500,500,protected_me,102,17.93,200,True,,519,519
run_500,500,login,103,75.843,200,True,,519,519
run_500,500,verify,103,6.825,200,True,,519,519
run_500,500,protected_me,103,17.676,200,True,,519,519
run_500,500,login,104,70.981,200,True,,519,519
run_500,500,verify,104,27.735,200,True,,519,519
run_500,500,protected_me,104,16.089,200,True,,519,519
run_500,500,login,105,60.576,200,True,,519,519
run_500,500,verify,105,22.842,200,True,,519,519
run_500,500,protected_me,105,17.681,200,True,,519,519
run_500,500,login,106,67.927,200,True,,519,519
run_500,500,verify,106,11.363,200,True,,519,519
run_500,500,protected_me,106,20.065,200,True,,519,519
run_500,500,login,107,69.068,200,True,,519,519
run_500,500,verify,107,6.105,200,True,,519,519
run_500,500,protected_me,107,22.84,200,True,,519,519
run_500,500,login,108,72.057,200,True,,519,519
run_500,500,verify,108,27.438,200,True,,519,519
run_500,500,protected_me,108,17.86,200,True,,519,519
run_500,500,login,109,66.945,200,True,,519,519
run_500,500,verify,109,29.802,200,True,,519,519
run_500,500,protected_me,109,18.982,200,True,,519,519
run_500,500,login,110,72.412,200,True,,519,519
run_500,500,verify,110,24.496,200,True,,519,519
run_500,500,protected_me,110,7.186,200,True,,519,519
run_500,500,login,111,60.253,200,True,,519,519
run_500,500,verify,111,15.85,200,True,,519,519
run_500,500,protected_me,111,6.133,200,True,,519,519
run_500,500,login,112,66.984,200,True,,519,519
run_500,500,verify,112,26.71,200,True,,519,519
run_500,500,protected_me,112,6.407,200,True,,519,519
run_500,500,login,113,84.257,200,True,,519,519
run_500,500,verify,113,6.263,200,True,,519,519
run_500,500,protected_me,113,6.825,200,True,,519,519
run_500,500,login,114,64.493,200,True,,519,519
run_500,500,verify,114,4.945,200,True,,519,519
run_500,500,protected_me,114,21.857,200,True,,519,519
run_500,500,login,115,65.991,200,True,,519,519
run_500,500,verify,115,13.736,200,True,,519,519
run_500,500,protected_me,115,25.582,200,True,,519,519
run_500,500,login,116,69.851,200,True,,519,519
run_500,500,verify,116,25.066,200,True,,519,519
run_500,500,protected_me,116,19.785,200,True,,519,519
run_500,500,login,117,75.859,200,True,,519,519
run_500,500,verify,117,21.71,200,True,,519,519
run_500,500,protected_me,117,15.836,200,True,,519,519
run_500,500,login,118,60.844,200,True,,519,519
run_500,500,verify,118,22.207,200,True,,519,519
run_500,500,protected_me,118,6.496,200,True,,519,519
run_500,500,login,119,70.107,200,True,,519,519
run_500,500,verify,119,6.889,200,True,,519,519
run_500,500,protected_me,119,7.448,200,True,,519,519
run_500,500,login,120,146.069,200,True,,519,519
run_500,500,verify,120,6.915,200,True,,519,519
run_500,500,protected_me,120,7.692,200,True,,519,519
run_500,500,login,121,85.441,200,True,,519,519
run_500,500,verify,121,24.659,200,True,,519,519
run_500,500,protected_me,121,8.259,200,True,,519,519
run_500,500,login,122,97.264,200,True,,519,519
run_500,500,verify,122,6.906,200,True,,519,519
run_500,500,protected_me,122,9.001,200,True,,519,519
run_500,500,login,123,106.775,200,True,,519,519
run_500,500,verify,123,28.226,200,True,,519,519
run_500,500,protected_me,123,19.796,200,True,,519,519
run_500,500,login,124,81.974,200,True,,519,519
run_500,500,verify,124,26.378,200,True,,519,519
run_500,500,protected_me,124,16.888,200,True,,519,519
run_500,500,login,125,79.017,200,True,,519,519
run_500,500,verify,125,5.84,200,True,,519,519
run_500,500,protected_me,125,14.492,200,True,,519,519
run_500,500,login,126,69.655,200,True,,519,519
run_500,500,verify,126,17.949,200,True,,519,519
run_500,500,protected_me,126,13.182,200,True,,519,519
run_500,500,login,127,69.094,200,True,,519,519
run_500,500,verify,127,13.524,200,True,,519,519
run_500,500,protected_me,127,5.466,200,True,,519,519
run_500,500,login,128,78.191,200,True,,519,519
run_500,500,verify,128,5.819,200,True,,519,519
run_500,500,protected_me,128,25.115,200,True,,519,519
run_500,500,login,129,61.905,200,True,,519,519
run_500,500,verify,129,19.976,200,True,,519,519
run_500,500,protected_me,129,17.946,200,True,,519,519
run_500,500,login,130,71.885,200,True,,519,519
run_500,500,verify,130,10.37,200,True,,519,519
run_500,500,protected_me,130,18.237,200,True,,519,519
run_500,500,login,131,73.037,200,True,,519,519
run_500,500,verify,131,14.831,200,True,,519,519
run_500,500,protected_me,131,11.871,200,True,,519,519
run_500,500,login,132,70.639,200,True,,519,519
run_500,500,verify,132,16.856,200,True,,519,519
run_500,500,protected_me,132,15.695,200,True,,519,519
run_500,500,login,133,65.033,200,True,,519,519
run_500,500,verify,133,32.695,200,True,,519,519
run_500,500,protected_me,133,8.89,200,True,,519,519
run_500,500,login,134,67.303,200,True,,519,519
run_500,500,verify,134,5.765,200,True,,519,519
run_500,500,protected_me,134,5.281,200,True,,519,519
run_500,500,login,135,64.826,200,True,,519,519
run_500,500,verify,135,28.902,200,True,,519,519
run_500,500,protected_me,135,8.382,200,True,,519,519
run_500,500,login,136,98.472,200,True,,519,519
run_500,500,verify,136,25.29,200,True,,519,519
run_500,500,protected_me,136,6.128,200,True,,519,519
run_500,500,login,137,72.395,200,True,,519,519
run_500,500,verify,137,13.593,200,True,,519,519
run_500,500,protected_me,137,15.417,200,True,,519,519
run_500,500,login,138,77.843,200,True,,519,519
run_500,500,verify,138,27.983,200,True,,519,519
run_500,500,protected_me,138,16.438,200,True,,519,519
run_500,500,login,139,64.188,200,True,,519,519
run_500,500,verify,139,21.004,200,True,,519,519
run_500,500,protected_me,139,15.733,200,True,,519,519
run_500,500,login,140,72.405,200,True,,519,519
run_500,500,verify,140,21.716,200,True,,519,519
run_500,500,protected_me,140,20.953,200,True,,519,519
run_500,500,login,141,69.356,200,True,,519,519
run_500,500,verify,141,15.143,200,True,,519,519
run_500,500,protected_me,141,6.011,200,True,,519,519
run_500,500,login,142,76.852,200,True,,519,519
run_500,500,verify,142,7.725,200,True,,519,519
run_500,500,protected_me,142,9.631,200,True,,519,519
run_500,500,login,143,76.897,200,True,,519,519
run_500,500,verify,143,8.334,200,True,,519,519
run_500,500,protected_me,143,11.126,200,True,,519,519
run_500,500,login,144,69.424,200,True,,519,519
run_500,500,verify,144,30.085,200,True,,519,519
run_500,500,protected_me,144,16.439,200,True,,519,519
run_500,500,login,145,89.664,200,True,,519,519
run_500,500,verify,145,27.077,200,True,,519,519
run_500,500,protected_me,145,17.077,200,True,,519,519
run_500,500,login,146,82.762,200,True,,519,519
run_500,500,verify,146,15.197,200,True,,519,519
run_500,500,protected_me,146,16.888,200,True,,519,519
run_500,500,login,147,69.871,200,True,,519,519
run_500,500,verify,147,15.507,200,True,,519,519
run_500,500,protected_me,147,14.721,200,True,,519,519
run_500,500,login,148,68.981,200,True,,519,519
run_500,500,verify,148,10.596,200,True,,519,519
run_500,500,protected_me,148,18.494,200,True,,519,519
run_500,500,login,149,70.018,200,True,,519,519
run_500,500,verify,149,29.672,200,True,,519,519
run_500,500,protected_me,149,16.114,200,True,,519,519
run_500,500,login,150,74.032,200,True,,519,519
run_500,500,verify,150,26.791,200,True,,519,519
run_500,500,protected_me,150,16.169,200,True,,519,519
run_500,500,login,151,69.751,200,True,,519,519
run_500,500,verify,151,28.638,200,True,,519,519
run_500,500,protected_me,151,17.005,200,True,,519,519
run_500,500,login,152,68.632,200,True,,519,519
run_500,500,verify,152,29.929,200,True,,519,519
run_500,500,protected_me,152,18.267,200,True,,519,519
run_500,500,login,153,70.085,200,True,,519,519
run_500,500,verify,153,15.834,200,True,,519,519
run_500,500,protected_me,153,13.411,200,True,,519,519
run_500,500,login,154,59.325,200,True,,519,519
run_500,500,verify,154,22.54,200,True,,519,519
run_500,500,protected_me,154,16.55,200,True,,519,519
run_500,500,login,155,66.848,200,True,,519,519
run_500,500,verify,155,14.785,200,True,,519,519
run_500,500,protected_me,155,14.7,200,True,,519,519
run_500,500,login,156,61.644,200,True,,519,519
run_500,500,verify,156,22.316,200,True,,519,519
run_500,500,protected_me,156,6.792,200,True,,519,519
run_500,500,login,157,63.448,200,True,,519,519
run_500,500,verify,157,14.986,200,True,,519,519
run_500,500,protected_me,157,15.817,200,True,,519,519
run_500,500,login,158,72.354,200,True,,519,519
run_500,500,verify,158,10.758,200,True,,519,519
run_500,500,protected_me,158,5.993,200,True,,519,519
run_500,500,login,159,79.886,200,True,,519,519
run_500,500,verify,159,30.546,200,True,,519,519
run_500,500,protected_me,159,16.076,200,True,,519,519
run_500,500,login,160,67.652,200,True,,519,519
run_500,500,verify,160,15.089,200,True,,519,519
run_500,500,protected_me,160,16.133,200,True,,519,519
run_500,500,login,161,69.328,200,True,,519,519
run_500,500,verify,161,6.012,200,True,,519,519
run_500,500,protected_me,161,25.099,200,True,,519,519
run_500,500,login,162,66.573,200,True,,519,519
run_500,500,verify,162,6.259,200,True,,519,519
run_500,500,protected_me,162,5.546,200,True,,519,519
run_500,500,login,163,70.132,200,True,,519,519
run_500,500,verify,163,6.767,200,True,,519,519
run_500,500,protected_me,163,25.517,200,True,,519,519
run_500,500,login,164,59.399,200,True,,519,519
run_500,500,verify,164,23.084,200,True,,519,519
run_500,500,protected_me,164,6.163,200,True,,519,519
run_500,500,login,165,81.009,200,True,,519,519
run_500,500,verify,165,18.484,200,True,,519,519
run_500,500,protected_me,165,30.794,200,True,,519,519
run_500,500,login,166,67.011,200,True,,519,519
run_500,500,verify,166,28.395,200,True,,519,519
run_500,500,protected_me,166,19.011,200,True,,519,519
run_500,500,login,167,59.799,200,True,,519,519
run_500,500,verify,167,20.817,200,True,,519,519
run_500,500,protected_me,167,7.091,200,True,,519,519
run_500,500,login,168,61.012,200,True,,519,519
run_500,500,verify,168,14.674,200,True,,519,519
run_500,500,protected_me,168,6.232,200,True,,519,519
run_500,500,login,169,62.633,200,True,,519,519
run_500,500,verify,169,5.673,200,True,,519,519
run_500,500,protected_me,169,26.412,200,True,,519,519
run_500,500,login,170,71.153,200,True,,519,519
run_500,500,verify,170,26.611,200,True,,519,519
run_500,500,protected_me,170,15.226,200,True,,519,519
run_500,500,login,171,72.666,200,True,,519,519
run_500,500,verify,171,28.374,200,True,,519,519
run_500,500,protected_me,171,16.732,200,True,,519,519
run_500,500,login,172,65.049,200,True,,519,519
run_500,500,verify,172,18.211,200,True,,519,519
run_500,500,protected_me,172,17.326,200,True,,519,519
run_500,500,login,173,69.606,200,True,,519,519
run_500,500,verify,173,5.546,200,True,,519,519
run_500,500,protected_me,173,23.67,200,True,,519,519
run_500,500,login,174,71.198,200,True,,519,519
run_500,500,verify,174,27.932,200,True,,519,519
run_500,500,protected_me,174,15.734,200,True,,519,519
run_500,500,login,175,59.156,200,True,,519,519
run_500,500,verify,175,6.124,200,True,,519,519
run_500,500,protected_me,175,6.845,200,True,,519,519
run_500,500,login,176,64.109,200,True,,519,519
run_500,500,verify,176,15.506,200,True,,519,519
run_500,500,protected_me,176,14.119,200,True,,519,519
run_500,500,login,177,69.408,200,True,,519,519
run_500,500,verify,177,13.622,200,True,,519,519
run_500,500,protected_me,177,16.272,200,True,,519,519
run_500,500,login,178,68.274,200,True,,519,519
run_500,500,verify,178,6.406,200,True,,519,519
run_500,500,protected_me,178,24.608,200,True,,519,519
run_500,500,login,179,60.04,200,True,,519,519
run_500,500,verify,179,24.395,200,True,,519,519
run_500,500,protected_me,179,15.781,200,True,,519,519
run_500,500,login,180,69.627,200,True,,519,519
run_500,500,verify,180,10.727,200,True,,519,519
run_500,500,protected_me,180,9.681,200,True,,519,519
run_500,500,login,181,68.93,200,True,,519,519
run_500,500,verify,181,22.962,200,True,,519,519
run_500,500,protected_me,181,6.222,200,True,,519,519
run_500,500,login,182,62.112,200,True,,519,519
run_500,500,verify,182,17.056,200,True,,519,519
run_500,500,protected_me,182,14.37,200,True,,519,519
run_500,500,login,183,70.492,200,True,,519,519
run_500,500,verify,183,6.008,200,True,,519,519
run_500,500,protected_me,183,21.334,200,True,,519,519
run_500,500,login,184,71.856,200,True,,519,519
run_500,500,verify,184,28.459,200,True,,519,519
run_500,500,protected_me,184,16.851,200,True,,519,519
run_500,500,login,185,69.765,200,True,,519,519
run_500,500,verify,185,12.27,200,True,,519,519
run_500,500,protected_me,185,6.955,200,True,,519,519
run_500,500,login,186,79.913,200,True,,519,519
run_500,500,verify,186,16.58,200,True,,519,519
run_500,500,protected_me,186,13.713,200,True,,519,519
run_500,500,login,187,72.025,200,True,,519,519
run_500,500,verify,187,26.878,200,True,,519,519
run_500,500,protected_me,187,7.755,200,True,,519,519
run_500,500,login,188,61.615,200,True,,519,519
run_500,500,verify,188,28.565,200,True,,519,519
run_500,500,protected_me,188,6.438,200,True,,519,519
run_500,500,login,189,63.196,200,True,,519,519
run_500,500,verify,189,30.563,200,True,,519,519
run_500,500,protected_me,189,15.722,200,True,,519,519
run_500,500,login,190,78.446,200,True,,519,519
run_500,500,verify,190,24.385,200,True,,519,519
run_500,500,protected_me,190,15.055,200,True,,519,519
run_500,500,login,191,72.553,200,True,,519,519
run_500,500,verify,191,22.676,200,True,,519,519
run_500,500,protected_me,191,16.405,200,True,,519,519
run_500,500,login,192,74.245,200,True,,519,519
run_500,500,verify,192,11.169,200,True,,519,519
run_500,500,protected_me,192,17.442,200,True,,519,519
run_500,500,login,193,77.197,200,True,,519,519
run_500,500,verify,193,22.365,200,True,,519,519
run_500,500,protected_me,193,16.576,200,True,,519,519
run_500,500,login,194,68.146,200,True,,519,519
run_500,500,verify,194,26.755,200,True,,519,519
run_500,500,protected_me,194,5.925,200,True,,519,519
run_500,500,login,195,70.935,200,True,,519,519
run_500,500,verify,195,4.736,200,True,,519,519
run_500,500,protected_me,195,20.721,200,True,,519,519
run_500,500,login,196,74.655,200,True,,519,519
run_500,500,verify,196,25.357,200,True,,519,519
run_500,500,protected_me,196,6.439,200,True,,519,519
run_500,500,login,197,81.817,200,True,,519,519
run_500,500,verify,197,12.259,200,True,,519,519
run_500,500,protected_me,197,15.644,200,True,,519,519
run_500,500,login,198,69.688,200,True,,519,519
run_500,500,verify,198,14.652,200,True,,519,519
run_500,500,protected_me,198,15.053,200,True,,519,519
run_500,500,login,199,66.054,200,True,,519,519
run_500,500,verify,199,17.62,200,True,,519,519
run_500,500,protected_me,199,18.552,200,True,,519,519
run_500,500,login,200,203.861,200,True,,519,519
run_500,500,verify,200,7.675,200,True,,519,519
run_500,500,protected_me,200,10.571,200,True,,519,519
run_500,500,login,201,144.494,200,True,,519,519
run_500,500,verify,201,6.281,200,True,,519,519
run_500,500,protected_me,201,24.319,200,True,,519,519
run_500,500,login,202,161.478,200,True,,519,519
run_500,500,verify,202,8.286,200,True,,519,519
run_500,500,protected_me,202,8.569,200,True,,519,519
run_500,500,login,203,103.626,200,True,,519,519
run_500,500,verify,203,6.524,200,True,,519,519
run_500,500,protected_me,203,8.983,200,True,,519,519
run_500,500,login,204,103.075,200,True,,519,519
run_500,500,verify,204,6.841,200,True,,519,519
run_500,500,protected_me,204,9.831,200,True,,519,519
run_500,500,login,205,107.063,200,True,,519,519
run_500,500,verify,205,8.908,200,True,,519,519
run_500,500,protected_me,205,6.755,200,True,,519,519
run_500,500,login,206,93.592,200,True,,519,519
run_500,500,verify,206,5.604,200,True,,519,519
run_500,500,protected_me,206,22.581,200,True,,519,519
run_500,500,login,207,78.598,200,True,,519,519
run_500,500,verify,207,9.913,200,True,,519,519
run_500,500,protected_me,207,6.484,200,True,,519,519
run_500,500,login,208,91.011,200,True,,519,519
run_500,500,verify,208,6.748,200,True,,519,519
run_500,500,protected_me,208,7.479,200,True,,519,519
run_500,500,login,209,79.426,200,True,,519,519
run_500,500,verify,209,7.95,200,True,,519,519
run_500,500,protected_me,209,9.523,200,True,,519,519
run_500,500,login,210,100.451,200,True,,519,519
run_500,500,verify,210,7.039,200,True,,519,519
run_500,500,protected_me,210,8.13,200,True,,519,519
run_500,500,login,211,111.834,200,True,,519,519
run_500,500,verify,211,7.698,200,True,,519,519
run_500,500,protected_me,211,6.491,200,True,,519,519
run_500,500,login,212,222.274,200,True,,519,519
run_500,500,verify,212,19.394,200,True,,519,519
run_500,500,protected_me,212,26.245,200,True,,519,519
run_500,500,login,213,224.478,200,True,,519,519
run_500,500,verify,213,12.92,200,True,,519,519
run_500,500,protected_me,213,24.705,200,True,,519,519
run_500,500,login,214,192.915,200,True,,519,519
run_500,500,verify,214,8.231,200,True,,519,519
run_500,500,protected_me,214,9.679,200,True,,519,519
run_500,500,login,215,121.688,200,True,,519,519
run_500,500,verify,215,8.599,200,True,,519,519
run_500,500,protected_me,215,7.348,200,True,,519,519
run_500,500,login,216,115.473,200,True,,519,519
run_500,500,verify,216,9.323,200,True,,519,519
run_500,500,protected_me,216,9.035,200,True,,519,519
run_500,500,login,217,227.412,200,True,,519,519
run_500,500,verify,217,13.396,200,True,,519,519
run_500,500,protected_me,217,24.936,200,True,,519,519
run_500,500,login,218,156.552,200,True,,519,519
run_500,500,verify,218,6.762,200,True,,519,519
run_500,500,protected_me,218,9.101,200,True,,519,519
run_500,500,login,219,93.572,200,True,,519,519
run_500,500,verify,219,8.117,200,True,,519,519
run_500,500,protected_me,219,5.311,200,True,,519,519
run_500,500,login,220,88.062,200,True,,519,519
run_500,500,verify,220,8.952,200,True,,519,519
run_500,500,protected_me,220,9.846,200,True,,519,519
run_500,500,login,221,119.279,200,True,,519,519
run_500,500,verify,221,9.301,200,True,,519,519
run_500,500,protected_me,221,13.883,200,True,,519,519
run_500,500,login,222,205.954,200,True,,519,519
run_500,500,verify,222,6.471,200,True,,519,519
run_500,500,protected_me,222,10.052,200,True,,519,519
run_500,500,login,223,209.015,200,True,,519,519
run_500,500,verify,223,29.098,200,True,,519,519
run_500,500,protected_me,223,12.646,200,True,,519,519
run_500,500,login,224,228.833,200,True,,519,519
run_500,500,verify,224,8.471,200,True,,519,519
run_500,500,protected_me,224,9.155,200,True,,519,519
run_500,500,login,225,123.217,200,True,,519,519
run_500,500,verify,225,8.804,200,True,,519,519
run_500,500,protected_me,225,8.435,200,True,,519,519
run_500,500,login,226,90.153,200,True,,519,519
run_500,500,verify,226,7.179,200,True,,519,519
run_500,500,protected_me,226,8.573,200,True,,519,519
run_500,500,login,227,91.833,200,True,,519,519
run_500,500,verify,227,7.028,200,True,,519,519
run_500,500,protected_me,227,6.573,200,True,,519,519
run_500,500,login,228,104.344,200,True,,519,519
run_500,500,verify,228,8.051,200,True,,519,519
run_500,500,protected_me,228,6.77,200,True,,519,519
run_500,500,login,229,87.855,200,True,,519,519
run_500,500,verify,229,5.614,200,True,,519,519
run_500,500,protected_me,229,28.657,200,True,,519,519
run_500,500,login,230,82.953,200,True,,519,519
run_500,500,verify,230,5.434,200,True,,519,519
run_500,500,protected_me,230,5.639,200,True,,519,519
run_500,500,login,231,65.349,200,True,,519,519
run_500,500,verify,231,24.091,200,True,,519,519
run_500,500,protected_me,231,6.162,200,True,,519,519
run_500,500,login,232,84.98,200,True,,519,519
run_500,500,verify,232,7.902,200,True,,519,519
run_500,500,protected_me,232,8.065,200,True,,519,519
run_500,500,login,233,97.592,200,True,,519,519
run_500,500,verify,233,6.54,200,True,,519,519
run_500,500,protected_me,233,21.132,200,True,,519,519
run_500,500,login,234,191.795,200,True,,519,519
run_500,500,verify,234,9.801,200,True,,519,519
run_500,500,protected_me,234,11.656,200,True,,519,519
run_500,500,login,235,104.368,200,True,,519,519
run_500,500,verify,235,7.167,200,True,,519,519
run_500,500,protected_me,235,23.542,200,True,,519,519
run_500,500,login,236,175.732,200,True,,519,519
run_500,500,verify,236,11.119,200,True,,519,519
run_500,500,protected_me,236,10.372,200,True,,519,519
run_500,500,login,237,111.49,200,True,,519,519
run_500,500,verify,237,7.592,200,True,,519,519
run_500,500,protected_me,237,7.612,200,True,,519,519
run_500,500,login,238,91.538,200,True,,519,519
run_500,500,verify,238,18.576,200,True,,519,519
run_500,500,protected_me,238,6.69,200,True,,519,519
run_500,500,login,239,76.279,200,True,,519,519
run_500,500,verify,239,5.05,200,True,,519,519
run_500,500,protected_me,239,23.476,200,True,,519,519
run_500,500,login,240,72.703,200,True,,519,519
run_500,500,verify,240,6.841,200,True,,519,519
run_500,500,protected_me,240,21.655,200,True,,519,519
run_500,500,login,241,104.228,200,True,,519,519
run_500,500,verify,241,7.332,200,True,,519,519
run_500,500,protected_me,241,9.796,200,True,,519,519
run_500,500,login,242,87.431,200,True,,519,519
run_500,500,verify,242,6.896,200,True,,519,519
run_500,500,protected_me,242,6.969,200,True,,519,519
run_500,500,login,243,77.377,200,True,,519,519
run_500,500,verify,243,6.088,200,True,,519,519
run_500,500,protected_me,243,7.919,200,True,,519,519
run_500,500,login,244,77.504,200,True,,519,519
run_500,500,verify,244,7.84,200,True,,519,519
run_500,500,protected_me,244,16.751,200,True,,519,519
run_500,500,login,245,101.096,200,True,,519,519
run_500,500,verify,245,7.505,200,True,,519,519
run_500,500,protected_me,245,20.912,200,True,,519,519
run_500,500,login,246,76.105,200,True,,519,519
run_500,500,verify,246,20.871,200,True,,519,519
run_500,500,protected_me,246,5.999,200,True,,519,519
run_500,500,login,247,76.038,200,True,,519,519
run_500,500,verify,247,5.809,200,True,,519,519
run_500,500,protected_me,247,16.124,200,True,,519,519
run_500,500,login,248,64.777,200,True,,519,519
run_500,500,verify,248,31.945,200,True,,519,519
run_500,500,protected_me,248,15.49,200,True,,519,519
run_500,500,login,249,85.205,200,True,,519,519
run_500,500,verify,249,30.134,200,True,,519,519
run_500,500,protected_me,249,17.801,200,True,,519,519
run_500,500,login,250,82.174,200,True,,519,519
run_500,500,verify,250,14.261,200,True,,519,519
run_500,500,protected_me,250,20.134,200,True,,519,519
run_500,500,login,251,89.226,200,True,,519,519
run_500,500,verify,251,26.148,200,True,,519,519
run_500,500,protected_me,251,15.82,200,True,,519,519
run_500,500,login,252,69.43,200,True,,519,519
run_500,500,verify,252,16.265,200,True,,519,519
run_500,500,protected_me,252,16.019,200,True,,519,519
run_500,500,login,253,86.978,200,True,,519,519
run_500,500,verify,253,27.979,200,True,,519,519
run_500,500,protected_me,253,14.604,200,True,,519,519
run_500,500,login,254,74.798,200,True,,519,519
run_500,500,verify,254,24.721,200,True,,519,519
run_500,500,protected_me,254,18.074,200,True,,519,519
run_500,500,login,255,67.703,200,True,,519,519
run_500,500,verify,255,14.475,200,True,,519,519
run_500,500,protected_me,255,17.236,200,True,,519,519
run_500,500,login,256,86.316,200,True,,519,519
run_500,500,verify,256,28.926,200,True,,519,519
run_500,500,protected_me,256,17.404,200,True,,519,519
run_500,500,login,257,69.942,200,True,,519,519
run_500,500,verify,257,11.63,200,True,,519,519
run_500,500,protected_me,257,17.171,200,True,,519,519
run_500,500,login,258,68.624,200,True,,519,519
run_500,500,verify,258,14.173,200,True,,519,519
run_500,500,protected_me,258,16.455,200,True,,519,519
run_500,500,login,259,73.397,200,True,,519,519
run_500,500,verify,259,26.334,200,True,,519,519
run_500,500,protected_me,259,16.623,200,True,,519,519
run_500,500,login,260,70.585,200,True,,519,519
run_500,500,verify,260,10.854,200,True,,519,519
run_500,500,protected_me,260,17.064,200,True,,519,519
run_500,500,login,261,69.858,200,True,,519,519
run_500,500,verify,261,16.495,200,True,,519,519
run_500,500,protected_me,261,13.711,200,True,,519,519
run_500,500,login,262,60.492,200,True,,519,519
run_500,500,verify,262,23.251,200,True,,519,519
run_500,500,protected_me,262,15.871,200,True,,519,519
run_500,500,login,263,66.668,200,True,,519,519
run_500,500,verify,263,14.81,200,True,,519,519
run_500,500,protected_me,263,5.605,200,True,,519,519
run_500,500,login,264,82.539,200,True,,519,519
run_500,500,verify,264,26.696,200,True,,519,519
run_500,500,protected_me,264,18.692,200,True,,519,519
run_500,500,login,265,57.9,200,True,,519,519
run_500,500,verify,265,24.669,200,True,,519,519
run_500,500,protected_me,265,7.52,200,True,,519,519
run_500,500,login,266,80.443,200,True,,519,519
run_500,500,verify,266,14.47,200,True,,519,519
run_500,500,protected_me,266,29.705,200,True,,519,519
run_500,500,login,267,59.65,200,True,,519,519
run_500,500,verify,267,23.251,200,True,,519,519
run_500,500,protected_me,267,7.331,200,True,,519,519
run_500,500,login,268,69.686,200,True,,519,519
run_500,500,verify,268,7.573,200,True,,519,519
run_500,500,protected_me,268,28.651,200,True,,519,519
run_500,500,login,269,68.39,200,True,,519,519
run_500,500,verify,269,17.377,200,True,,519,519
run_500,500,protected_me,269,7.68,200,True,,519,519
run_500,500,login,270,61.452,200,True,,519,519
run_500,500,verify,270,17.257,200,True,,519,519
run_500,500,protected_me,270,14.914,200,True,,519,519
run_500,500,login,271,60.768,200,True,,519,519
run_500,500,verify,271,7.011,200,True,,519,519
run_500,500,protected_me,271,6.439,200,True,,519,519
run_500,500,login,272,79.323,200,True,,519,519
run_500,500,verify,272,5.516,200,True,,519,519
run_500,500,protected_me,272,6.929,200,True,,519,519
run_500,500,login,273,61.809,200,True,,519,519
run_500,500,verify,273,6.974,200,True,,519,519
run_500,500,protected_me,273,27.187,200,True,,519,519
run_500,500,login,274,76.503,200,True,,519,519
run_500,500,verify,274,23.926,200,True,,519,519
run_500,500,protected_me,274,6.945,200,True,,519,519
run_500,500,login,275,76.207,200,True,,519,519
run_500,500,verify,275,7.198,200,True,,519,519
run_500,500,protected_me,275,7.173,200,True,,519,519
run_500,500,login,276,78.532,200,True,,519,519
run_500,500,verify,276,8.02,200,True,,519,519
run_500,500,protected_me,276,6.381,200,True,,519,519
run_500,500,login,277,69.274,200,True,,519,519
run_500,500,verify,277,5.333,200,True,,519,519
run_500,500,protected_me,277,15.794,200,True,,519,519
run_500,500,login,278,74.2,200,True,,519,519
run_500,500,verify,278,23.354,200,True,,519,519
run_500,500,protected_me,278,7.692,200,True,,519,519
run_500,500,login,279,69.13,200,True,,519,519
run_500,500,verify,279,22.931,200,True,,519,519
run_500,500,protected_me,279,19.519,200,True,,519,519
run_500,500,login,280,98.903,200,True,,519,519
run_500,500,verify,280,22.223,200,True,,519,519
run_500,500,protected_me,280,30.019,200,True,,519,519
run_500,500,login,281,84.703,200,True,,519,519
run_500,500,verify,281,15.456,200,True,,519,519
run_500,500,protected_me,281,15.221,200,True,,519,519
run_500,500,login,282,76.747,200,True,,519,519
run_500,500,verify,282,10.4,200,True,,519,519
run_500,500,protected_me,282,29.559,200,True,,519,519
run_500,500,login,283,95.325,200,True,,519,519
run_500,500,verify,283,7.199,200,True,,519,519
run_500,500,protected_me,283,7.745,200,True,,519,519
run_500,500,login,284,66.324,200,True,,519,519
run_500,500,verify,284,17.504,200,True,,519,519
run_500,500,protected_me,284,16.214,200,True,,519,519
run_500,500,login,285,60.536,200,True,,519,519
run_500,500,verify,285,25.752,200,True,,519,519
run_500,500,protected_me,285,15.401,200,True,,519,519
run_500,500,login,286,69.673,200,True,,519,519
run_500,500,verify,286,26.654,200,True,,519,519
run_500,500,protected_me,286,7.686,200,True,,519,519
run_500,500,login,287,64.771,200,True,,519,519
run_500,500,verify,287,5.938,200,True,,519,519
run_500,500,protected_me,287,23.652,200,True,,519,519
run_500,500,login,288,59.461,200,True,,519,519
run_500,500,verify,288,23.331,200,True,,519,519
run_500,500,protected_me,288,5.452,200,True,,519,519
run_500,500,login,289,79.104,200,True,,519,519
run_500,500,verify,289,31.347,200,True,,519,519
run_500,500,protected_me,289,15.719,200,True,,519,519
run_500,500,login,290,73.175,200,True,,519,519
run_500,500,verify,290,22.404,200,True,,519,519
run_500,500,protected_me,290,6.794,200,True,,519,519
run_500,500,login,291,72.748,200,True,,519,519
run_500,500,verify,291,25.098,200,True,,519,519
run_500,500,protected_me,291,15.168,200,True,,519,519
run_500,500,login,292,95.247,200,True,,519,519
run_500,500,verify,292,29.601,200,True,,519,519
run_500,500,protected_me,292,13.235,200,True,,519,519
run_500,500,login,293,167.037,200,True,,519,519
run_500,500,verify,293,9.026,200,True,,519,519
run_500,500,protected_me,293,8.806,200,True,,519,519
run_500,500,login,294,115.791,200,True,,519,519
run_500,500,verify,294,28.098,200,True,,519,519
run_500,500,protected_me,294,15.68,200,True,,519,519
run_500,500,login,295,79.403,200,True,,519,519
run_500,500,verify,295,6.707,200,True,,519,519
run_500,500,protected_me,295,9.252,200,True,,519,519
run_500,500,login,296,75.531,200,True,,519,519
run_500,500,verify,296,27.391,200,True,,519,519
run_500,500,protected_me,296,5.406,200,True,,519,519
run_500,500,login,297,81.862,200,True,,519,519
run_500,500,verify,297,5.415,200,True,,519,519
run_500,500,protected_me,297,8.195,200,True,,519,519
run_500,500,login,298,62.284,200,True,,519,519
run_500,500,verify,298,18.29,200,True,,519,519
run_500,500,protected_me,298,8.905,200,True,,519,519
run_500,500,login,299,82.017,200,True,,519,519
run_500,500,verify,299,25.713,200,True,,519,519
run_500,500,protected_me,299,16.597,200,True,,519,519
run_500,500,login,300,65.722,200,True,,519,519
run_500,500,verify,300,5.571,200,True,,519,519
run_500,500,protected_me,300,24.151,200,True,,519,519
run_500,500,login,301,68.142,200,True,,519,519
run_500,500,verify,301,15.971,200,True,,519,519
run_500,500,protected_me,301,6.1,200,True,,519,519
run_500,500,login,302,69.878,200,True,,519,519
run_500,500,verify,302,24.779,200,True,,519,519
run_500,500,protected_me,302,16.131,200,True,,519,519
run_500,500,login,303,60.841,200,True,,519,519
run_500,500,verify,303,11.126,200,True,,519,519
run_500,500,protected_me,303,28.242,200,True,,519,519
run_500,500,login,304,69.237,200,True,,519,519
run_500,500,verify,304,23.98,200,True,,519,519
run_500,500,protected_me,304,14.144,200,True,,519,519
run_500,500,login,305,65.14,200,True,,519,519
run_500,500,verify,305,19.937,200,True,,519,519
run_500,500,protected_me,305,15.847,200,True,,519,519
run_500,500,login,306,85.023,200,True,,519,519
run_500,500,verify,306,22.513,200,True,,519,519
run_500,500,protected_me,306,7.642,200,True,,519,519
run_500,500,login,307,121.669,200,True,,519,519
run_500,500,verify,307,18.083,200,True,,519,519
run_500,500,protected_me,307,6.63,200,True,,519,519
run_500,500,login,308,66.844,200,True,,519,519
run_500,500,verify,308,24.772,200,True,,519,519
run_500,500,protected_me,308,21.487,200,True,,519,519
run_500,500,login,309,95.32,200,True,,519,519
run_500,500,verify,309,5.4,200,True,,519,519
run_500,500,protected_me,309,27.571,200,True,,519,519
run_500,500,login,310,117.543,200,True,,519,519
run_500,500,verify,310,22.43,200,True,,519,519
run_500,500,protected_me,310,10.531,200,True,,519,519
run_500,500,login,311,148.885,200,True,,519,519
run_500,500,verify,311,9.318,200,True,,519,519
run_500,500,protected_me,311,24.95,200,True,,519,519
run_500,500,login,312,73.086,200,True,,519,519
run_500,500,verify,312,8.127,200,True,,519,519
run_500,500,protected_me,312,18.917,200,True,,519,519
run_500,500,login,313,70.953,200,True,,519,519
run_500,500,verify,313,7.444,200,True,,519,519
run_500,500,protected_me,313,8.111,200,True,,519,519
run_500,500,login,314,77.036,200,True,,519,519
run_500,500,verify,314,17.984,200,True,,519,519
run_500,500,protected_me,314,17.141,200,True,,519,519
run_500,500,login,315,77.118,200,True,,519,519
run_500,500,verify,315,18.695,200,True,,519,519
run_500,500,protected_me,315,20.537,200,True,,519,519
run_500,500,login,316,85.434,200,True,,519,519
run_500,500,verify,316,13.978,200,True,,519,519
run_500,500,protected_me,316,14.866,200,True,,519,519
run_500,500,login,317,61.139,200,True,,519,519
run_500,500,verify,317,17.828,200,True,,519,519
run_500,500,protected_me,317,7.226,200,True,,519,519
run_500,500,login,318,90.208,200,True,,519,519
run_500,500,verify,318,7.428,200,True,,519,519
run_500,500,protected_me,318,7.689,200,True,,519,519
run_500,500,login,319,94.668,200,True,,519,519
run_500,500,verify,319,5.66,200,True,,519,519
run_500,500,protected_me,319,8.496,200,True,,519,519
run_500,500,login,320,68.904,200,True,,519,519
run_500,500,verify,320,10.4,200,True,,519,519
run_500,500,protected_me,320,15.856,200,True,,519,519
run_500,500,login,321,73.205,200,True,,519,519
run_500,500,verify,321,19.533,200,True,,519,519
run_500,500,protected_me,321,15.705,200,True,,519,519
run_500,500,login,322,76.807,200,True,,519,519
run_500,500,verify,322,26.354,200,True,,519,519
run_500,500,protected_me,322,17.542,200,True,,519,519
run_500,500,login,323,70.194,200,True,,519,519
run_500,500,verify,323,14.88,200,True,,519,519
run_500,500,protected_me,323,15.755,200,True,,519,519
run_500,500,login,324,76.992,200,True,,519,519
run_500,500,verify,324,25.208,200,True,,519,519
run_500,500,protected_me,324,29.958,200,True,,519,519
run_500,500,login,325,63.77,200,True,,519,519
run_500,500,verify,325,6.875,200,True,,519,519
run_500,500,protected_me,325,6.876,200,True,,519,519
run_500,500,login,326,74.735,200,True,,519,519
run_500,500,verify,326,5.649,200,True,,519,519
run_500,500,protected_me,326,29.318,200,True,,519,519
run_500,500,login,327,77.753,200,True,,519,519
run_500,500,verify,327,17.637,200,True,,519,519
run_500,500,protected_me,327,7.488,200,True,,519,519
run_500,500,login,328,86.331,200,True,,519,519
run_500,500,verify,328,22.453,200,True,,519,519
run_500,500,protected_me,328,15.139,200,True,,519,519
run_500,500,login,329,59.054,200,True,,519,519
run_500,500,verify,329,8.09,200,True,,519,519
run_500,500,protected_me,329,16.531,200,True,,519,519
run_500,500,login,330,61.63,200,True,,519,519
run_500,500,verify,330,34.382,200,True,,519,519
run_500,500,protected_me,330,15.507,200,True,,519,519
run_500,500,login,331,58.797,200,True,,519,519
run_500,500,verify,331,12.446,200,True,,519,519
run_500,500,protected_me,331,15.856,200,True,,519,519
run_500,500,login,332,60.759,200,True,,519,519
run_500,500,verify,332,23.286,200,True,,519,519
run_500,500,protected_me,332,15.995,200,True,,519,519
run_500,500,login,333,73.638,200,True,,519,519
run_500,500,verify,333,28.467,200,True,,519,519
run_500,500,protected_me,333,16.446,200,True,,519,519
run_500,500,login,334,67.454,200,True,,519,519
run_500,500,verify,334,6.22,200,True,,519,519
run_500,500,protected_me,334,24.523,200,True,,519,519
run_500,500,login,335,64.92,200,True,,519,519
run_500,500,verify,335,17.676,200,True,,519,519
run_500,500,protected_me,335,30.879,200,True,,519,519
run_500,500,login,336,65.032,200,True,,519,519
run_500,500,verify,336,6.183,200,True,,519,519
run_500,500,protected_me,336,5.491,200,True,,519,519
run_500,500,login,337,64.739,200,True,,519,519
run_500,500,verify,337,24.888,200,True,,519,519
run_500,500,protected_me,337,6.471,200,True,,519,519
run_500,500,login,338,61.292,200,True,,519,519
run_500,500,verify,338,6.148,200,True,,519,519
run_500,500,protected_me,338,28.708,200,True,,519,519
run_500,500,login,339,72.341,200,True,,519,519
run_500,500,verify,339,9.075,200,True,,519,519
run_500,500,protected_me,339,5.589,200,True,,519,519
run_500,500,login,340,87.349,200,True,,519,519
run_500,500,verify,340,6.285,200,True,,519,519
run_500,500,protected_me,340,15.541,200,True,,519,519
run_500,500,login,341,71.273,200,True,,519,519
run_500,500,verify,341,12.501,200,True,,519,519
run_500,500,protected_me,341,17.26,200,True,,519,519
run_500,500,login,342,70.518,200,True,,519,519
run_500,500,verify,342,27.466,200,True,,519,519
run_500,500,protected_me,342,16.554,200,True,,519,519
run_500,500,login,343,71.139,200,True,,519,519
run_500,500,verify,343,27.583,200,True,,519,519
run_500,500,protected_me,343,17.516,200,True,,519,519
run_500,500,login,344,70.794,200,True,,519,519
run_500,500,verify,344,27.646,200,True,,519,519
run_500,500,protected_me,344,16.01,200,True,,519,519
run_500,500,login,345,75.962,200,True,,519,519
run_500,500,verify,345,24.947,200,True,,519,519
run_500,500,protected_me,345,15.394,200,True,,519,519
run_500,500,login,346,72.006,200,True,,519,519
run_500,500,verify,346,28.56,200,True,,519,519
run_500,500,protected_me,346,15.61,200,True,,519,519
run_500,500,login,347,70.78,200,True,,519,519
run_500,500,verify,347,27.601,200,True,,519,519
run_500,500,protected_me,347,6.55,200,True,,519,519
run_500,500,login,348,64.019,200,True,,519,519
run_500,500,verify,348,16.555,200,True,,519,519
run_500,500,protected_me,348,14.971,200,True,,519,519
run_500,500,login,349,76.211,200,True,,519,519
run_500,500,verify,349,6.291,200,True,,519,519
run_500,500,protected_me,349,29.697,200,True,,519,519
run_500,500,login,350,70.192,200,True,,519,519
run_500,500,verify,350,5.54,200,True,,519,519
run_500,500,protected_me,350,25.36,200,True,,519,519
run_500,500,login,351,69.405,200,True,,519,519
run_500,500,verify,351,13.974,200,True,,519,519
run_500,500,protected_me,351,15.844,200,True,,519,519
run_500,500,login,352,77.882,200,True,,519,519
run_500,500,verify,352,6.122,200,True,,519,519
run_500,500,protected_me,352,16.945,200,True,,519,519
run_500,500,login,353,70.773,200,True,,519,519
run_500,500,verify,353,16.522,200,True,,519,519
run_500,500,protected_me,353,14.483,200,True,,519,519
run_500,500,login,354,67.916,200,True,,519,519
run_500,500,verify,354,15.682,200,True,,519,519
run_500,500,protected_me,354,15.693,200,True,,519,519
run_500,500,login,355,67.313,200,True,,519,519
run_500,500,verify,355,12.749,200,True,,519,519
run_500,500,protected_me,355,16.216,200,True,,519,519
run_500,500,login,356,70.892,200,True,,519,519
run_500,500,verify,356,26.0,200,True,,519,519
run_500,500,protected_me,356,6.657,200,True,,519,519
run_500,500,login,357,68.413,200,True,,519,519
run_500,500,verify,357,26.991,200,True,,519,519
run_500,500,protected_me,357,17.009,200,True,,519,519
run_500,500,login,358,57.722,200,True,,519,519
run_500,500,verify,358,24.584,200,True,,519,519
run_500,500,protected_me,358,16.613,200,True,,519,519
run_500,500,login,359,60.901,200,True,,519,519
run_500,500,verify,359,18.174,200,True,,519,519
run_500,500,protected_me,359,20.816,200,True,,519,519
run_500,500,login,360,68.689,200,True,,519,519
run_500,500,verify,360,6.642,200,True,,519,519
run_500,500,protected_me,360,13.07,200,True,,519,519
run_500,500,login,361,76.735,200,True,,519,519
run_500,500,verify,361,7.532,200,True,,519,519
run_500,500,protected_me,361,25.481,200,True,,519,519
run_500,500,login,362,60.97,200,True,,519,519
run_500,500,verify,362,24.248,200,True,,519,519
run_500,500,protected_me,362,17.227,200,True,,519,519
run_500,500,login,363,73.029,200,True,,519,519
run_500,500,verify,363,22.027,200,True,,519,519
run_500,500,protected_me,363,8.266,200,True,,519,519
run_500,500,login,364,83.029,200,True,,519,519
run_500,500,verify,364,26.385,200,True,,519,519
run_500,500,protected_me,364,16.607,200,True,,519,519
run_500,500,login,365,69.059,200,True,,519,519
run_500,500,verify,365,15.008,200,True,,519,519
run_500,500,protected_me,365,16.331,200,True,,519,519
run_500,500,login,366,71.706,200,True,,519,519
run_500,500,verify,366,6.277,200,True,,519,519
run_500,500,protected_me,366,6.651,200,True,,519,519
run_500,500,login,367,68.003,200,True,,519,519
run_500,500,verify,367,26.065,200,True,,519,519
run_500,500,protected_me,367,28.399,200,True,,519,519
run_500,500,login,368,82.675,200,True,,519,519
run_500,500,verify,368,23.637,200,True,,519,519
run_500,500,protected_me,368,16.376,200,True,,519,519
run_500,500,login,369,69.379,200,True,,519,519
run_500,500,verify,369,18.388,200,True,,519,519
run_500,500,protected_me,369,29.67,200,True,,519,519
run_500,500,login,370,60.034,200,True,,519,519
run_500,500,verify,370,21.646,200,True,,519,519
run_500,500,protected_me,370,16.622,200,True,,519,519
run_500,500,login,371,71.253,200,True,,519,519
run_500,500,verify,371,28.724,200,True,,519,519
run_500,500,protected_me,371,15.855,200,True,,519,519
run_500,500,login,372,70.318,200,True,,519,519
run_500,500,verify,372,28.183,200,True,,519,519
run_500,500,protected_me,372,6.551,200,True,,519,519
run_500,500,login,373,83.942,200,True,,519,519
run_500,500,verify,373,27.086,200,True,,519,519
run_500,500,protected_me,373,17.164,200,True,,519,519
run_500,500,login,374,84.951,200,True,,519,519
run_500,500,verify,374,27.554,200,True,,519,519
run_500,500,protected_me,374,6.782,200,True,,519,519
run_500,500,login,375,61.828,200,True,,519,519
run_500,500,verify,375,15.04,200,True,,519,519
run_500,500,protected_me,375,19.981,200,True,,519,519
run_500,500,login,376,70.712,200,True,,519,519
run_500,500,verify,376,26.734,200,True,,519,519
run_500,500,protected_me,376,18.255,200,True,,519,519
run_500,500,login,377,89.611,200,True,,519,519
run_500,500,verify,377,23.058,200,True,,519,519
run_500,500,protected_me,377,6.997,200,True,,519,519
run_500,500,login,378,59.731,200,True,,519,519
run_500,500,verify,378,16.229,200,True,,519,519
run_500,500,protected_me,378,14.929,200,True,,519,519
run_500,500,login,379,59.35,200,True,,519,519
run_500,500,verify,379,26.832,200,True,,519,519
run_500,500,protected_me,379,17.204,200,True,,519,519
run_500,500,login,380,69.461,200,True,,519,519
run_500,500,verify,380,29.713,200,True,,519,519
run_500,500,protected_me,380,7.262,200,True,,519,519
run_500,500,login,381,77.932,200,True,,519,519
run_500,500,verify,381,5.608,200,True,,519,519
run_500,500,protected_me,381,22.346,200,True,,519,519
run_500,500,login,382,76.942,200,True,,519,519
run_500,500,verify,382,14.32,200,True,,519,519
run_500,500,protected_me,382,5.873,200,True,,519,519
run_500,500,login,383,57.888,200,True,,519,519
run_500,500,verify,383,15.938,200,True,,519,519
run_500,500,protected_me,383,7.102,200,True,,519,519
run_500,500,login,384,92.528,200,True,,519,519
run_500,500,verify,384,10.219,200,True,,519,519
run_500,500,protected_me,384,12.539,200,True,,519,519
run_500,500,login,385,114.936,200,True,,519,519
run_500,500,verify,385,8.428,200,True,,519,519
run_500,500,protected_me,385,8.451,200,True,,519,519
run_500,500,login,386,63.352,200,True,,519,519
run_500,500,verify,386,6.906,200,True,,519,519
run_500,500,protected_me,386,24.135,200,True,,519,519
run_500,500,login,387,67.438,200,True,,519,519
run_500,500,verify,387,12.345,200,True,,519,519
run_500,500,protected_me,387,16.288,200,True,,519,519
run_500,500,login,388,71.263,200,True,,519,519
run_500,500,verify,388,24.904,200,True,,519,519
run_500,500,protected_me,388,6.18,200,True,,519,519
run_500,500,login,389,71.512,200,True,,519,519
run_500,500,verify,389,25.995,200,True,,519,519
run_500,500,protected_me,389,15.171,200,True,,519,519
run_500,500,login,390,71.891,200,True,,519,519
run_500,500,verify,390,6.143,200,True,,519,519
run_500,500,protected_me,390,21.93,200,True,,519,519
run_500,500,login,391,59.448,200,True,,519,519
run_500,500,verify,391,23.005,200,True,,519,519
run_500,500,protected_me,391,6.073,200,True,,519,519
run_500,500,login,392,79.39,200,True,,519,519
run_500,500,verify,392,29.851,200,True,,519,519
run_500,500,protected_me,392,17.351,200,True,,519,519
run_500,500,login,393,72.055,200,True,,519,519
run_500,500,verify,393,22.557,200,True,,519,519
run_500,500,protected_me,393,7.264,200,True,,519,519
run_500,500,login,394,68.654,200,True,,519,519
run_500,500,verify,394,25.1,200,True,,519,519
run_500,500,protected_me,394,4.659,200,True,,519,519
run_500,500,login,395,85.43,200,True,,519,519
run_500,500,verify,395,29.365,200,True,,519,519
run_500,500,protected_me,395,17.121,200,True,,519,519
run_500,500,login,396,69.053,200,True,,519,519
run_500,500,verify,396,28.426,200,True,,519,519
run_500,500,protected_me,396,17.624,200,True,,519,519
run_500,500,login,397,68.382,200,True,,519,519
run_500,500,verify,397,21.347,200,True,,519,519
run_500,500,protected_me,397,6.134,200,True,,519,519
run_500,500,login,398,86.582,200,True,,519,519
run_500,500,verify,398,19.493,200,True,,519,519
run_500,500,protected_me,398,13.702,200,True,,519,519
run_500,500,login,399,58.953,200,True,,519,519
run_500,500,verify,399,25.275,200,True,,519,519
run_500,500,protected_me,399,17.528,200,True,,519,519
run_500,500,login,400,86.772,200,True,,519,519
run_500,500,verify,400,5.903,200,True,,519,519
run_500,500,protected_me,400,7.51,200,True,,519,519
run_500,500,login,401,80.905,200,True,,519,519
run_500,500,verify,401,14.699,200,True,,519,519
run_500,500,protected_me,401,16.39,200,True,,519,519
run_500,500,login,402,70.208,200,True,,519,519
run_500,500,verify,402,6.597,200,True,,519,519
run_500,500,protected_me,402,23.274,200,True,,519,519
run_500,500,login,403,70.851,200,True,,519,519
run_500,500,verify,403,5.366,200,True,,519,519
run_500,500,protected_me,403,5.777,200,True,,519,519
run_500,500,login,404,89.084,200,True,,519,519
run_500,500,verify,404,22.309,200,True,,519,519
run_500,500,protected_me,404,6.865,200,True,,519,519
run_500,500,login,405,68.505,200,True,,519,519
run_500,500,verify,405,6.851,200,True,,519,519
run_500,500,protected_me,405,8.103,200,True,,519,519
run_500,500,login,406,69.605,200,True,,519,519
run_500,500,verify,406,12.852,200,True,,519,519
run_500,500,protected_me,406,6.306,200,True,,519,519
run_500,500,login,407,86.457,200,True,,519,519
run_500,500,verify,407,5.901,200,True,,519,519
run_500,500,protected_me,407,15.773,200,True,,519,519
run_500,500,login,408,60.623,200,True,,519,519
run_500,500,verify,408,5.302,200,True,,519,519
run_500,500,protected_me,408,18.957,200,True,,519,519
run_500,500,login,409,77.357,200,True,,519,519
run_500,500,verify,409,7.391,200,True,,519,519
run_500,500,protected_me,409,16.718,200,True,,519,519
run_500,500,login,410,66.697,200,True,,519,519
run_500,500,verify,410,11.011,200,True,,519,519
run_500,500,protected_me,410,16.054,200,True,,519,519
run_500,500,login,411,60.565,200,True,,519,519
run_500,500,verify,411,10.761,200,True,,519,519
run_500,500,protected_me,411,14.632,200,True,,519,519
run_500,500,login,412,67.412,200,True,,519,519
run_500,500,verify,412,14.785,200,True,,519,519
run_500,500,protected_me,412,14.785,200,True,,519,519
run_500,500,login,413,69.125,200,True,,519,519
run_500,500,verify,413,15.728,200,True,,519,519
run_500,500,protected_me,413,5.612,200,True,,519,519
run_500,500,login,414,80.817,200,True,,519,519
run_500,500,verify,414,27.153,200,True,,519,519
run_500,500,protected_me,414,5.107,200,True,,519,519
run_500,500,login,415,79.714,200,True,,519,519
run_500,500,verify,415,29.965,200,True,,519,519
run_500,500,protected_me,415,8.491,200,True,,519,519
run_500,500,login,416,65.998,200,True,,519,519
run_500,500,verify,416,25.139,200,True,,519,519
run_500,500,protected_me,416,17.59,200,True,,519,519
run_500,500,login,417,69.982,200,True,,519,519
run_500,500,verify,417,13.577,200,True,,519,519
run_500,500,protected_me,417,16.478,200,True,,519,519
run_500,500,login,418,71.707,200,True,,519,519
run_500,500,verify,418,27.354,200,True,,519,519
run_500,500,protected_me,418,16.104,200,True,,519,519
run_500,500,login,419,69.151,200,True,,519,519
run_500,500,verify,419,28.504,200,True,,519,519
run_500,500,protected_me,419,18.879,200,True,,519,519
run_500,500,login,420,69.449,200,True,,519,519
run_500,500,verify,420,13.414,200,True,,519,519
run_500,500,protected_me,420,6.255,200,True,,519,519
run_500,500,login,421,60.485,200,True,,519,519
run_500,500,verify,421,16.057,200,True,,519,519
run_500,500,protected_me,421,15.976,200,True,,519,519
run_500,500,login,422,59.857,200,True,,519,519
run_500,500,verify,422,23.106,200,True,,519,519
run_500,500,protected_me,422,19.601,200,True,,519,519
run_500,500,login,423,68.709,200,True,,519,519
run_500,500,verify,423,29.175,200,True,,519,519
run_500,500,protected_me,423,15.25,200,True,,519,519
run_500,500,login,424,69.85,200,True,,519,519
run_500,500,verify,424,30.279,200,True,,519,519
run_500,500,protected_me,424,19.854,200,True,,519,519
run_500,500,login,425,64.288,200,True,,519,519
run_500,500,verify,425,6.357,200,True,,519,519
run_500,500,protected_me,425,26.631,200,True,,519,519
run_500,500,login,426,77.784,200,True,,519,519
run_500,500,verify,426,26.531,200,True,,519,519
run_500,500,protected_me,426,6.33,200,True,,519,519
run_500,500,login,427,67.032,200,True,,519,519
run_500,500,verify,427,17.013,200,True,,519,519
run_500,500,protected_me,427,19.377,200,True,,519,519
run_500,500,login,428,70.384,200,True,,519,519
run_500,500,verify,428,6.336,200,True,,519,519
run_500,500,protected_me,428,6.826,200,True,,519,519
run_500,500,login,429,62.825,200,True,,519,519
run_500,500,verify,429,18.49,200,True,,519,519
run_500,500,protected_me,429,16.583,200,True,,519,519
run_500,500,login,430,74.723,200,True,,519,519
run_500,500,verify,430,24.39,200,True,,519,519
run_500,500,protected_me,430,6.266,200,True,,519,519
run_500,500,login,431,81.438,200,True,,519,519
run_500,500,verify,431,6.202,200,True,,519,519
run_500,500,protected_me,431,17.72,200,True,,519,519
run_500,500,login,432,81.896,200,True,,519,519
run_500,500,verify,432,7.098,200,True,,519,519
run_500,500,protected_me,432,15.114,200,True,,519,519
run_500,500,login,433,61.146,200,True,,519,519
run_500,500,verify,433,21.833,200,True,,519,519
run_500,500,protected_me,433,15.917,200,True,,519,519
run_500,500,login,434,74.42,200,True,,519,519
run_500,500,verify,434,25.55,200,True,,519,519
run_500,500,protected_me,434,6.845,200,True,,519,519
run_500,500,login,435,83.591,200,True,,519,519
run_500,500,verify,435,24.356,200,True,,519,519
run_500,500,protected_me,435,17.45,200,True,,519,519
run_500,500,login,436,72.311,200,True,,519,519
run_500,500,verify,436,24.677,200,True,,519,519
run_500,500,protected_me,436,7.421,200,True,,519,519
run_500,500,login,437,66.196,200,True,,519,519
run_500,500,verify,437,5.373,200,True,,519,519
run_500,500,protected_me,437,7.041,200,True,,519,519
run_500,500,login,438,63.548,200,True,,519,519
run_500,500,verify,438,15.306,200,True,,519,519
run_500,500,protected_me,438,6.309,200,True,,519,519
run_500,500,login,439,62.978,200,True,,519,519
run_500,500,verify,439,19.088,200,True,,519,519
run_500,500,protected_me,439,14.87,200,True,,519,519
run_500,500,login,440,73.224,200,True,,519,519
run_500,500,verify,440,11.125,200,True,,519,519
run_500,500,protected_me,440,16.24,200,True,,519,519
run_500,500,login,441,71.57,200,True,,519,519
run_500,500,verify,441,24.745,200,True,,519,519
run_500,500,protected_me,441,17.832,200,True,,519,519
run_500,500,login,442,70.35,200,True,,519,519
run_500,500,verify,442,28.038,200,True,,519,519
run_500,500,protected_me,442,8.16,200,True,,519,519
run_500,500,login,443,62.567,200,True,,519,519
run_500,500,verify,443,28.881,200,True,,519,519
run_500,500,protected_me,443,16.315,200,True,,519,519
run_500,500,login,444,68.33,200,True,,519,519
run_500,500,verify,444,30.605,200,True,,519,519
run_500,500,protected_me,444,6.513,200,True,,519,519
run_500,500,login,445,73.399,200,True,,519,519
run_500,500,verify,445,7.387,200,True,,519,519
run_500,500,protected_me,445,21.266,200,True,,519,519
run_500,500,login,446,90.495,200,True,,519,519
run_500,500,verify,446,22.621,200,True,,519,519
run_500,500,protected_me,446,5.001,200,True,,519,519
run_500,500,login,447,81.749,200,True,,519,519
run_500,500,verify,447,23.436,200,True,,519,519
run_500,500,protected_me,447,17.141,200,True,,519,519
run_500,500,login,448,60.346,200,True,,519,519
run_500,500,verify,448,22.146,200,True,,519,519
run_500,500,protected_me,448,16.959,200,True,,519,519
run_500,500,login,449,72.862,200,True,,519,519
run_500,500,verify,449,23.693,200,True,,519,519
run_500,500,protected_me,449,20.494,200,True,,519,519
run_500,500,login,450,71.138,200,True,,519,519
run_500,500,verify,450,5.895,200,True,,519,519
run_500,500,protected_me,450,16.143,200,True,,519,519
run_500,500,login,451,75.302,200,True,,519,519
run_500,500,verify,451,29.847,200,True,,519,519
run_500,500,protected_me,451,16.468,200,True,,519,519
run_500,500,login,452,69.187,200,True,,519,519
run_500,500,verify,452,27.146,200,True,,519,519
run_500,500,protected_me,452,6.724,200,True,,519,519
run_500,500,login,453,65.49,200,True,,519,519
run_500,500,verify,453,29.759,200,True,,519,519
run_500,500,protected_me,453,5.424,200,True,,519,519
run_500,500,login,454,68.271,200,True,,519,519
run_500,500,verify,454,28.689,200,True,,519,519
run_500,500,protected_me,454,6.767,200,True,,519,519
run_500,500,login,455,77.335,200,True,,519,519
run_500,500,verify,455,22.516,200,True,,519,519
run_500,500,protected_me,455,15.848,200,True,,519,519
run_500,500,login,456,76.954,200,True,,519,519
run_500,500,verify,456,29.564,200,True,,519,519
run_500,500,protected_me,456,15.073,200,True,,519,519
run_500,500,login,457,71.092,200,True,,519,519
run_500,500,verify,457,14.703,200,True,,519,519
run_500,500,protected_me,457,14.584,200,True,,519,519
run_500,500,login,458,68.794,200,True,,519,519
run_500,500,verify,458,15.591,200,True,,519,519
run_500,500,protected_me,458,29.619,200,True,,519,519
run_500,500,login,459,59.739,200,True,,519,519
run_500,500,verify,459,22.845,200,True,,519,519
run_500,500,protected_me,459,20.325,200,True,,519,519
run_500,500,login,460,70.133,200,True,,519,519
run_500,500,verify,460,16.453,200,True,,519,519
run_500,500,protected_me,460,15.013,200,True,,519,519
run_500,500,login,461,66.584,200,True,,519,519
run_500,500,verify,461,29.296,200,True,,519,519
run_500,500,protected_me,461,16.023,200,True,,519,519
run_500,500,login,462,71.361,200,True,,519,519
run_500,500,verify,462,25.76,200,True,,519,519
run_500,500,protected_me,462,7.718,200,True,,519,519
run_500,500,login,463,83.584,200,True,,519,519
run_500,500,verify,463,16.743,200,True,,519,519
run_500,500,protected_me,463,27.509,200,True,,519,519
run_500,500,login,464,71.823,200,True,,519,519
run_500,500,verify,464,26.551,200,True,,519,519
run_500,500,protected_me,464,16.832,200,True,,519,519
run_500,500,login,465,70.101,200,True,,519,519
run_500,500,verify,465,4.914,200,True,,519,519
run_500,500,protected_me,465,6.853,200,True,,519,519
run_500,500,login,466,66.806,200,True,,519,519
run_500,500,verify,466,16.771,200,True,,519,519
run_500,500,protected_me,466,16.878,200,True,,519,519
run_500,500,login,467,69.876,200,True,,519,519
run_500,500,verify,467,13.357,200,True,,519,519
run_500,500,protected_me,467,16.874,200,True,,519,519
run_500,500,login,468,70.013,200,True,,519,519
run_500,500,verify,468,14.804,200,True,,519,519
run_500,500,protected_me,468,15.94,200,True,,519,519
run_500,500,login,469,60.384,200,True,,519,519
run_500,500,verify,469,6.548,200,True,,519,519
run_500,500,protected_me,469,15.995,200,True,,519,519
run_500,500,login,470,68.846,200,True,,519,519
run_500,500,verify,470,28.169,200,True,,519,519
run_500,500,protected_me,470,15.268,200,True,,519,519
run_500,500,login,471,74.393,200,True,,519,519
run_500,500,verify,471,28.197,200,True,,519,519
run_500,500,protected_me,471,15.118,200,True,,519,519
run_500,500,login,472,72.956,200,True,,519,519
run_500,500,verify,472,27.832,200,True,,519,519
run_500,500,protected_me,472,15.789,200,True,,519,519
run_500,500,login,473,68.908,200,True,,519,519
run_500,500,verify,473,29.344,200,True,,519,519
run_500,500,protected_me,473,20.945,200,True,,519,519
run_500,500,login,474,66.922,200,True,,519,519
run_500,500,verify,474,5.142,200,True,,519,519
run_500,500,protected_me,474,24.17,200,True,,519,519
run_500,500,login,475,72.025,200,True,,519,519
run_500,500,verify,475,27.499,200,True,,519,519
run_500,500,protected_me,475,17.069,200,True,,519,519
run_500,500,login,476,58.208,200,True,,519,519
run_500,500,verify,476,26.529,200,True,,519,519
run_500,500,protected_me,476,16.681,200,True,,519,519
run_500,500,login,477,68.679,200,True,,519,519
run_500,500,verify,477,27.986,200,True,,519,519
run_500,500,protected_me,477,15.748,200,True,,519,519
run_500,500,login,478,69.721,200,True,,519,519
run_500,500,verify,478,25.065,200,True,,519,519
run_500,500,protected_me,478,6.853,200,True,,519,519
run_500,500,login,479,86.368,200,True,,519,519
run_500,500,verify,479,8.155,200,True,,519,519
run_500,500,protected_me,479,8.586,200,True,,519,519
run_500,500,login,480,110.309,200,True,,519,519
run_500,500,verify,480,22.194,200,True,,519,519
run_500,500,protected_me,480,7.675,200,True,,519,519
run_500,500,login,481,79.9,200,True,,519,519
run_500,500,verify,481,22.861,200,True,,519,519
run_500,500,protected_me,481,5.599,200,True,,519,519
run_500,500,login,482,81.437,200,True,,519,519
run_500,500,verify,482,14.496,200,True,,519,519
run_500,500,protected_me,482,15.817,200,True,,519,519
run_500,500,login,483,56.145,200,True,,519,519
run_500,500,verify,483,24.538,200,True,,519,519
run_500,500,protected_me,483,6.404,200,True,,519,519
run_500,500,login,484,80.059,200,True,,519,519
run_500,500,verify,484,17.184,200,True,,519,519
run_500,500,protected_me,484,30.098,200,True,,519,519
run_500,500,login,485,76.471,200,True,,519,519
run_500,500,verify,485,24.246,200,True,,519,519
run_500,500,protected_me,485,14.99,200,True,,519,519
run_500,500,login,486,69.094,200,True,,519,519
run_500,500,verify,486,16.15,200,True,,519,519
run_500,500,protected_me,486,15.039,200,True,,519,519
run_500,500,login,487,72.942,200,True,,519,519
run_500,500,verify,487,25.424,200,True,,519,519
run_500,500,protected_me,487,17.155,200,True,,519,519
run_500,500,login,488,59.543,200,True,,519,519
run_500,500,verify,488,22.96,200,True,,519,519
run_500,500,protected_me,488,15.668,200,True,,519,519
run_500,500,login,489,76.151,200,True,,519,519
run_500,500,verify,489,24.564,200,True,,519,519
run_500,500,protected_me,489,14.919,200,True,,519,519
run_500,500,login,490,70.147,200,True,,519,519
run_500,500,verify,490,5.513,200,True,,519,519
run_500,500,protected_me,490,26.011,200,True,,519,519
run_500,500,login,491,83.454,200,True,,519,519
run_500,500,verify,491,14.902,200,True,,519,519
run_500,500,protected_me,491,16.107,200,True,,519,519
run_500,500,login,492,59.245,200,True,,519,519
run_500,500,verify,492,22.88,200,True,,519,519
run_500,500,protected_me,492,18.131,200,True,,519,519
run_500,500,login,493,68.276,200,True,,519,519
run_500,500,verify,493,14.522,200,True,,519,519
run_500,500,protected_me,493,15.118,200,True,,519,519
run_500,500,login,494,70.652,200,True,,519,519
run_500,500,verify,494,28.406,200,True,,519,519
run_500,500,protected_me,494,6.888,200,True,,519,519
run_500,500,login,495,97.212,200,True,,519,519
run_500,500,verify,495,6.745,200,True,,519,519
run_500,500,protected_me,495,7.167,200,True,,519,519
run_500,500,login,496,63.353,200,True,,519,519
run_500,500,verify,496,17.436,200,True,,519,519
run_500,500,protected_me,496,19.192,200,True,,519,519
run_500,500,login,497,70.174,200,True,,519,519
run_500,500,verify,497,28.221,200,True,,519,519
run_500,500,protected_me,497,16.443,200,True,,519,519
run_500,500,login,498,70.601,200,True,,519,519
run_500,500,verify,498,14.407,200,True,,519,519
run_500,500,protected_me,498,15.096,200,True,,519,519
run_500,500,login,499,75.827,200,True,,519,519
run_500,500,verify,499,21.886,200,True,,519,519
run_500,500,protected_me,499,6.976,200,True,,519,519
run_500,500,login,500,62.733,200,True,,519,519
run_500,500,verify,500,6.738,200,True,,519,519
run_500,500,protected_me,500,25.507,200,True,,519,519
